site_id,parameter_code,variable_name,unit,date_time,value,qualifiers
01013500,00065,"Gage height, ft",ft,2026-05-18T11:00:00.000-04:00,6.01,P
01013500,00065,"Gage height, ft",ft,2026-05-18T11:15:00.000-04:00,6.0,P
01013500,00065,"Gage height, ft",ft,2026-05-18T11:30:00.000-04:00,6.0,P
01013500,00065,"Gage height, ft",ft,2026-05-18T11:45:00.000-04:00,5.99,P
01013500,00065,"Gage height, ft",ft,2026-05-18T12:00:00.000-04:00,5.99,P
01013500,00065,"Gage height, ft",ft,2026-05-18T12:15:00.000-04:00,6.0,P
01013500,00065,"Gage height, ft",ft,2026-05-18T12:30:00.000-04:00,6.0,P
01013500,00065,"Gage height, ft",ft,2026-05-18T12:45:00.000-04:00,6.0,P
01013500,00065,"Gage height, ft",ft,2026-05-18T13:00:00.000-04:00,6.0,P
01013500,00065,"Gage height, ft",ft,2026-05-18T13:15:00.000-04:00,5.99,P
01013500,00065,"Gage height, ft",ft,2026-05-18T13:30:00.000-04:00,5.98,P
01013500,00065,"Gage height, ft",ft,2026-05-18T13:45:00.000-04:00,5.99,P
01013500,00065,"Gage height, ft",ft,2026-05-18T14:00:00.000-04:00,5.99,P
01013500,00065,"Gage height, ft",ft,2026-05-18T14:15:00.000-04:00,5.98,P
01013500,00065,"Gage height, ft",ft,2026-05-18T14:30:00.000-04:00,5.98,P
01013500,00065,"Gage height, ft",ft,2026-05-18T14:45:00.000-04:00,5.97,P
01013500,00065,"Gage height, ft",ft,2026-05-18T15:00:00.000-04:00,5.98,P
01013500,00065,"Gage height, ft",ft,2026-05-18T15:15:00.000-04:00,5.98,P
01013500,00065,"Gage height, ft",ft,2026-05-18T15:30:00.000-04:00,5.97,P
01013500,00065,"Gage height, ft",ft,2026-05-18T15:45:00.000-04:00,5.98,P
01013500,00065,"Gage height, ft",ft,2026-05-18T16:00:00.000-04:00,5.97,P
01013500,00065,"Gage height, ft",ft,2026-05-18T16:15:00.000-04:00,5.97,P
01013500,00065,"Gage height, ft",ft,2026-05-18T16:30:00.000-04:00,5.98,P
01013500,00065,"Gage height, ft",ft,2026-05-18T16:45:00.000-04:00,5.97,P
01013500,00065,"Gage height, ft",ft,2026-05-18T17:00:00.000-04:00,5.98,P
01013500,00065,"Gage height, ft",ft,2026-05-18T17:15:00.000-04:00,5.96,P
01013500,00065,"Gage height, ft",ft,2026-05-18T17:30:00.000-04:00,5.97,P
01013500,00065,"Gage height, ft",ft,2026-05-18T17:45:00.000-04:00,5.97,P
01013500,00065,"Gage height, ft",ft,2026-05-18T18:00:00.000-04:00,5.96,P
01013500,00065,"Gage height, ft",ft,2026-05-18T18:15:00.000-04:00,5.96,P
01013500,00065,"Gage height, ft",ft,2026-05-18T18:30:00.000-04:00,5.95,P
01013500,00065,"Gage height, ft",ft,2026-05-18T18:45:00.000-04:00,5.94,P
01013500,00065,"Gage height, ft",ft,2026-05-18T19:00:00.000-04:00,5.95,P
01013500,00065,"Gage height, ft",ft,2026-05-18T19:15:00.000-04:00,5.96,P
01013500,00065,"Gage height, ft",ft,2026-05-18T19:30:00.000-04:00,5.95,P
01013500,00065,"Gage height, ft",ft,2026-05-18T19:45:00.000-04:00,5.95,P
01013500,00065,"Gage height, ft",ft,2026-05-18T20:00:00.000-04:00,5.95,P
01013500,00065,"Gage height, ft",ft,2026-05-18T20:15:00.000-04:00,5.94,P
01013500,00065,"Gage height, ft",ft,2026-05-18T20:30:00.000-04:00,5.94,P
01013500,00065,"Gage height, ft",ft,2026-05-18T20:45:00.000-04:00,5.94,P
01013500,00065,"Gage height, ft",ft,2026-05-18T21:00:00.000-04:00,5.95,P
01013500,00065,"Gage height, ft",ft,2026-05-18T21:15:00.000-04:00,5.94,P
01013500,00065,"Gage height, ft",ft,2026-05-18T21:30:00.000-04:00,5.93,P
01013500,00065,"Gage height, ft",ft,2026-05-18T21:45:00.000-04:00,5.94,P
01013500,00065,"Gage height, ft",ft,2026-05-18T22:00:00.000-04:00,5.93,P
01013500,00065,"Gage height, ft",ft,2026-05-18T22:15:00.000-04:00,5.93,P
01013500,00065,"Gage height, ft",ft,2026-05-18T22:30:00.000-04:00,5.93,P
01013500,00065,"Gage height, ft",ft,2026-05-18T22:45:00.000-04:00,5.93,P
01013500,00065,"Gage height, ft",ft,2026-05-18T23:00:00.000-04:00,5.93,P
01013500,00065,"Gage height, ft",ft,2026-05-18T23:15:00.000-04:00,5.92,P
01013500,00065,"Gage height, ft",ft,2026-05-18T23:30:00.000-04:00,5.92,P
01013500,00065,"Gage height, ft",ft,2026-05-18T23:45:00.000-04:00,5.92,P
01013500,00065,"Gage height, ft",ft,2026-05-19T00:00:00.000-04:00,5.92,P
01013500,00065,"Gage height, ft",ft,2026-05-19T00:15:00.000-04:00,5.92,P
01013500,00065,"Gage height, ft",ft,2026-05-19T00:30:00.000-04:00,5.92,P
01013500,00065,"Gage height, ft",ft,2026-05-19T00:45:00.000-04:00,5.91,P
01013500,00065,"Gage height, ft",ft,2026-05-19T01:00:00.000-04:00,5.92,P
01013500,00065,"Gage height, ft",ft,2026-05-19T01:15:00.000-04:00,5.91,P
01013500,00065,"Gage height, ft",ft,2026-05-19T01:30:00.000-04:00,5.92,P
01013500,00065,"Gage height, ft",ft,2026-05-19T01:45:00.000-04:00,5.91,P
01013500,00065,"Gage height, ft",ft,2026-05-19T02:00:00.000-04:00,5.91,P
01013500,00065,"Gage height, ft",ft,2026-05-19T02:15:00.000-04:00,5.9,P
01013500,00065,"Gage height, ft",ft,2026-05-19T02:30:00.000-04:00,5.9,P
01013500,00065,"Gage height, ft",ft,2026-05-19T02:45:00.000-04:00,5.9,P
01013500,00065,"Gage height, ft",ft,2026-05-19T03:00:00.000-04:00,5.91,P
01013500,00065,"Gage height, ft",ft,2026-05-19T03:15:00.000-04:00,5.9,P
01013500,00065,"Gage height, ft",ft,2026-05-19T03:30:00.000-04:00,5.9,P
01013500,00065,"Gage height, ft",ft,2026-05-19T03:45:00.000-04:00,5.89,P
01013500,00065,"Gage height, ft",ft,2026-05-19T04:00:00.000-04:00,5.89,P
01013500,00065,"Gage height, ft",ft,2026-05-19T04:15:00.000-04:00,5.9,P
01013500,00065,"Gage height, ft",ft,2026-05-19T04:30:00.000-04:00,5.88,P
01013500,00065,"Gage height, ft",ft,2026-05-19T04:45:00.000-04:00,5.89,P
01013500,00065,"Gage height, ft",ft,2026-05-19T05:00:00.000-04:00,5.89,P
01013500,00065,"Gage height, ft",ft,2026-05-19T05:15:00.000-04:00,5.88,P
01013500,00065,"Gage height, ft",ft,2026-05-19T05:30:00.000-04:00,5.89,P
01013500,00065,"Gage height, ft",ft,2026-05-19T05:45:00.000-04:00,5.88,P
01013500,00065,"Gage height, ft",ft,2026-05-19T06:00:00.000-04:00,5.87,P
01013500,00065,"Gage height, ft",ft,2026-05-19T06:15:00.000-04:00,5.88,P
01013500,00065,"Gage height, ft",ft,2026-05-19T06:30:00.000-04:00,5.88,P
01013500,00065,"Gage height, ft",ft,2026-05-19T06:45:00.000-04:00,5.87,P
01013500,00065,"Gage height, ft",ft,2026-05-19T07:00:00.000-04:00,5.88,P
01013500,00065,"Gage height, ft",ft,2026-05-19T07:15:00.000-04:00,5.88,P
01013500,00065,"Gage height, ft",ft,2026-05-19T07:30:00.000-04:00,5.88,P
01013500,00065,"Gage height, ft",ft,2026-05-19T07:45:00.000-04:00,5.88,P
01013500,00065,"Gage height, ft",ft,2026-05-19T08:00:00.000-04:00,5.88,P
01013500,00065,"Gage height, ft",ft,2026-05-19T08:15:00.000-04:00,5.88,P
01013500,00065,"Gage height, ft",ft,2026-05-19T08:30:00.000-04:00,5.87,P
01013500,00065,"Gage height, ft",ft,2026-05-19T08:45:00.000-04:00,5.86,P
01013500,00065,"Gage height, ft",ft,2026-05-19T09:00:00.000-04:00,5.88,P
01013500,00065,"Gage height, ft",ft,2026-05-19T09:15:00.000-04:00,5.87,P
01013500,00065,"Gage height, ft",ft,2026-05-19T09:30:00.000-04:00,5.87,P
01013500,00065,"Gage height, ft",ft,2026-05-19T09:45:00.000-04:00,5.87,P
01013500,00065,"Gage height, ft",ft,2026-05-19T10:00:00.000-04:00,5.87,P
01013500,00065,"Gage height, ft",ft,2026-05-19T10:15:00.000-04:00,5.86,P
01013500,00065,"Gage height, ft",ft,2026-05-19T10:30:00.000-04:00,5.87,P
01013500,00065,"Gage height, ft",ft,2026-05-19T10:45:00.000-04:00,5.86,P
01013500,00065,"Gage height, ft",ft,2026-05-19T11:00:00.000-04:00,5.87,P
01013500,00065,"Gage height, ft",ft,2026-05-19T11:15:00.000-04:00,5.86,P
01013500,00065,"Gage height, ft",ft,2026-05-19T11:30:00.000-04:00,5.86,P
01013500,00065,"Gage height, ft",ft,2026-05-19T11:45:00.000-04:00,5.86,P
01013500,00065,"Gage height, ft",ft,2026-05-19T12:00:00.000-04:00,5.85,P
01013500,00065,"Gage height, ft",ft,2026-05-19T12:15:00.000-04:00,5.85,P
01013500,00065,"Gage height, ft",ft,2026-05-19T12:30:00.000-04:00,5.85,P
01013500,00065,"Gage height, ft",ft,2026-05-19T12:45:00.000-04:00,5.85,P
01013500,00065,"Gage height, ft",ft,2026-05-19T13:00:00.000-04:00,5.84,P
01013500,00065,"Gage height, ft",ft,2026-05-19T13:15:00.000-04:00,5.85,P
01013500,00065,"Gage height, ft",ft,2026-05-19T13:30:00.000-04:00,5.84,P
01013500,00065,"Gage height, ft",ft,2026-05-19T13:45:00.000-04:00,5.84,P
01013500,00065,"Gage height, ft",ft,2026-05-19T14:00:00.000-04:00,5.84,P
01013500,00065,"Gage height, ft",ft,2026-05-19T14:15:00.000-04:00,5.83,P
01013500,00065,"Gage height, ft",ft,2026-05-19T14:30:00.000-04:00,5.83,P
01013500,00065,"Gage height, ft",ft,2026-05-19T14:45:00.000-04:00,5.84,P
01013500,00065,"Gage height, ft",ft,2026-05-19T15:00:00.000-04:00,5.84,P
01013500,00065,"Gage height, ft",ft,2026-05-19T15:15:00.000-04:00,5.83,P
01013500,00065,"Gage height, ft",ft,2026-05-19T15:30:00.000-04:00,5.82,P
01013500,00065,"Gage height, ft",ft,2026-05-19T15:45:00.000-04:00,5.83,P
01013500,00065,"Gage height, ft",ft,2026-05-19T16:00:00.000-04:00,5.83,P
01013500,00065,"Gage height, ft",ft,2026-05-19T16:15:00.000-04:00,5.81,P
01013500,00065,"Gage height, ft",ft,2026-05-19T16:30:00.000-04:00,5.82,P
01013500,00065,"Gage height, ft",ft,2026-05-19T16:45:00.000-04:00,5.82,P
01013500,00065,"Gage height, ft",ft,2026-05-19T17:00:00.000-04:00,5.82,P
01013500,00065,"Gage height, ft",ft,2026-05-19T17:15:00.000-04:00,5.82,P
01013500,00065,"Gage height, ft",ft,2026-05-19T17:30:00.000-04:00,5.81,P
01013500,00065,"Gage height, ft",ft,2026-05-19T17:45:00.000-04:00,5.81,P
01013500,00065,"Gage height, ft",ft,2026-05-19T18:00:00.000-04:00,5.82,P
01013500,00065,"Gage height, ft",ft,2026-05-19T18:15:00.000-04:00,5.81,P
01013500,00065,"Gage height, ft",ft,2026-05-19T18:30:00.000-04:00,5.81,P
01013500,00065,"Gage height, ft",ft,2026-05-19T18:45:00.000-04:00,5.81,P
01013500,00065,"Gage height, ft",ft,2026-05-19T19:00:00.000-04:00,5.8,P
01013500,00065,"Gage height, ft",ft,2026-05-19T19:15:00.000-04:00,5.8,P
01013500,00065,"Gage height, ft",ft,2026-05-19T19:30:00.000-04:00,5.81,P
01013500,00065,"Gage height, ft",ft,2026-05-19T19:45:00.000-04:00,5.8,P
01013500,00065,"Gage height, ft",ft,2026-05-19T20:00:00.000-04:00,5.8,P
01013500,00065,"Gage height, ft",ft,2026-05-19T20:15:00.000-04:00,5.8,P
01013500,00065,"Gage height, ft",ft,2026-05-19T20:30:00.000-04:00,5.8,P
01013500,00065,"Gage height, ft",ft,2026-05-19T20:45:00.000-04:00,5.8,P
01013500,00065,"Gage height, ft",ft,2026-05-19T21:00:00.000-04:00,5.79,P
01013500,00065,"Gage height, ft",ft,2026-05-19T21:15:00.000-04:00,5.79,P
01013500,00065,"Gage height, ft",ft,2026-05-19T21:30:00.000-04:00,5.79,P
01013500,00065,"Gage height, ft",ft,2026-05-19T21:45:00.000-04:00,5.79,P
01013500,00065,"Gage height, ft",ft,2026-05-19T22:00:00.000-04:00,5.79,P
01013500,00065,"Gage height, ft",ft,2026-05-19T22:15:00.000-04:00,5.79,P
01013500,00065,"Gage height, ft",ft,2026-05-19T22:30:00.000-04:00,5.79,P
01013500,00065,"Gage height, ft",ft,2026-05-19T22:45:00.000-04:00,5.79,P
01013500,00065,"Gage height, ft",ft,2026-05-19T23:00:00.000-04:00,5.79,P
01013500,00065,"Gage height, ft",ft,2026-05-19T23:15:00.000-04:00,5.79,P
01013500,00065,"Gage height, ft",ft,2026-05-19T23:30:00.000-04:00,5.78,P
01013500,00065,"Gage height, ft",ft,2026-05-19T23:45:00.000-04:00,5.79,P
01013500,00065,"Gage height, ft",ft,2026-05-20T00:00:00.000-04:00,5.79,P
01013500,00065,"Gage height, ft",ft,2026-05-20T00:15:00.000-04:00,5.79,P
01013500,00065,"Gage height, ft",ft,2026-05-20T00:30:00.000-04:00,5.78,P
01013500,00065,"Gage height, ft",ft,2026-05-20T00:45:00.000-04:00,5.78,P
01013500,00065,"Gage height, ft",ft,2026-05-20T01:00:00.000-04:00,5.78,P
01013500,00065,"Gage height, ft",ft,2026-05-20T01:15:00.000-04:00,5.78,P
01013500,00065,"Gage height, ft",ft,2026-05-20T01:30:00.000-04:00,5.78,P
01013500,00065,"Gage height, ft",ft,2026-05-20T01:45:00.000-04:00,5.76,P
01013500,00065,"Gage height, ft",ft,2026-05-20T02:00:00.000-04:00,5.77,P
01013500,00065,"Gage height, ft",ft,2026-05-20T02:15:00.000-04:00,5.77,P
01013500,00065,"Gage height, ft",ft,2026-05-20T02:30:00.000-04:00,5.77,P
01013500,00065,"Gage height, ft",ft,2026-05-20T02:45:00.000-04:00,5.76,P
01013500,00065,"Gage height, ft",ft,2026-05-20T03:00:00.000-04:00,5.76,P
01013500,00065,"Gage height, ft",ft,2026-05-20T03:15:00.000-04:00,5.76,P
01013500,00065,"Gage height, ft",ft,2026-05-20T03:30:00.000-04:00,5.77,P
01013500,00065,"Gage height, ft",ft,2026-05-20T03:45:00.000-04:00,5.77,P
01013500,00065,"Gage height, ft",ft,2026-05-20T04:00:00.000-04:00,5.75,P
01013500,00065,"Gage height, ft",ft,2026-05-20T04:15:00.000-04:00,5.75,P
01013500,00065,"Gage height, ft",ft,2026-05-20T04:30:00.000-04:00,5.75,P
01013500,00065,"Gage height, ft",ft,2026-05-20T04:45:00.000-04:00,5.75,P
01013500,00065,"Gage height, ft",ft,2026-05-20T05:00:00.000-04:00,5.75,P
01013500,00065,"Gage height, ft",ft,2026-05-20T05:15:00.000-04:00,5.75,P
01013500,00065,"Gage height, ft",ft,2026-05-20T05:30:00.000-04:00,5.74,P
01013500,00065,"Gage height, ft",ft,2026-05-20T05:45:00.000-04:00,5.75,P
01013500,00065,"Gage height, ft",ft,2026-05-20T06:00:00.000-04:00,5.75,P
01013500,00065,"Gage height, ft",ft,2026-05-20T06:15:00.000-04:00,5.74,P
01013500,00065,"Gage height, ft",ft,2026-05-20T06:30:00.000-04:00,5.74,P
01013500,00065,"Gage height, ft",ft,2026-05-20T06:45:00.000-04:00,5.74,P
01013500,00065,"Gage height, ft",ft,2026-05-20T07:00:00.000-04:00,5.74,P
01013500,00065,"Gage height, ft",ft,2026-05-20T07:15:00.000-04:00,5.74,P
01013500,00065,"Gage height, ft",ft,2026-05-20T07:30:00.000-04:00,5.73,P
01013500,00065,"Gage height, ft",ft,2026-05-20T07:45:00.000-04:00,5.74,P
01013500,00065,"Gage height, ft",ft,2026-05-20T08:00:00.000-04:00,5.74,P
01013500,00065,"Gage height, ft",ft,2026-05-20T08:15:00.000-04:00,5.74,P
01013500,00065,"Gage height, ft",ft,2026-05-20T08:30:00.000-04:00,5.73,P
01013500,00065,"Gage height, ft",ft,2026-05-20T08:45:00.000-04:00,5.73,P
01013500,00065,"Gage height, ft",ft,2026-05-20T09:00:00.000-04:00,5.73,P
01013500,00065,"Gage height, ft",ft,2026-05-20T09:15:00.000-04:00,5.73,P
01013500,00065,"Gage height, ft",ft,2026-05-20T09:30:00.000-04:00,5.72,P
01013500,00065,"Gage height, ft",ft,2026-05-20T09:45:00.000-04:00,5.72,P
01013500,00065,"Gage height, ft",ft,2026-05-20T10:00:00.000-04:00,5.73,P
01013500,00065,"Gage height, ft",ft,2026-05-20T10:15:00.000-04:00,5.72,P
01013500,00065,"Gage height, ft",ft,2026-05-20T10:30:00.000-04:00,5.72,P
01013500,00065,"Gage height, ft",ft,2026-05-20T10:45:00.000-04:00,5.73,P
01013500,00065,"Gage height, ft",ft,2026-05-20T11:00:00.000-04:00,5.73,P
01013500,00065,"Gage height, ft",ft,2026-05-20T11:15:00.000-04:00,5.72,P
01013500,00065,"Gage height, ft",ft,2026-05-20T11:30:00.000-04:00,5.72,P
01013500,00065,"Gage height, ft",ft,2026-05-20T11:45:00.000-04:00,5.71,P
01013500,00065,"Gage height, ft",ft,2026-05-20T12:00:00.000-04:00,5.72,P
01013500,00065,"Gage height, ft",ft,2026-05-20T12:15:00.000-04:00,5.72,P
01013500,00065,"Gage height, ft",ft,2026-05-20T12:30:00.000-04:00,5.72,P
01013500,00065,"Gage height, ft",ft,2026-05-20T12:45:00.000-04:00,5.72,P
01013500,00065,"Gage height, ft",ft,2026-05-20T13:00:00.000-04:00,5.72,P
01013500,00065,"Gage height, ft",ft,2026-05-20T13:15:00.000-04:00,5.7,P
01013500,00065,"Gage height, ft",ft,2026-05-20T13:30:00.000-04:00,5.71,P
01013500,00065,"Gage height, ft",ft,2026-05-20T13:45:00.000-04:00,5.7,P
01013500,00065,"Gage height, ft",ft,2026-05-20T14:00:00.000-04:00,5.71,P
01013500,00065,"Gage height, ft",ft,2026-05-20T14:15:00.000-04:00,5.7,P
01013500,00065,"Gage height, ft",ft,2026-05-20T14:30:00.000-04:00,5.7,P
01013500,00065,"Gage height, ft",ft,2026-05-20T14:45:00.000-04:00,5.69,P
01013500,00065,"Gage height, ft",ft,2026-05-20T15:00:00.000-04:00,5.69,P
01013500,00065,"Gage height, ft",ft,2026-05-20T15:15:00.000-04:00,5.7,P
01013500,00065,"Gage height, ft",ft,2026-05-20T15:30:00.000-04:00,5.69,P
01013500,00065,"Gage height, ft",ft,2026-05-20T15:45:00.000-04:00,5.69,P
01013500,00065,"Gage height, ft",ft,2026-05-20T16:00:00.000-04:00,5.69,P
01013500,00065,"Gage height, ft",ft,2026-05-20T16:15:00.000-04:00,5.68,P
01013500,00065,"Gage height, ft",ft,2026-05-20T16:30:00.000-04:00,5.68,P
01013500,00065,"Gage height, ft",ft,2026-05-20T16:45:00.000-04:00,5.67,P
01013500,00065,"Gage height, ft",ft,2026-05-20T17:00:00.000-04:00,5.67,P
01013500,00065,"Gage height, ft",ft,2026-05-20T17:15:00.000-04:00,5.66,P
01013500,00065,"Gage height, ft",ft,2026-05-20T17:30:00.000-04:00,5.66,P
01013500,00065,"Gage height, ft",ft,2026-05-20T17:45:00.000-04:00,5.67,P
01013500,00065,"Gage height, ft",ft,2026-05-20T18:00:00.000-04:00,5.65,P
01013500,00065,"Gage height, ft",ft,2026-05-20T18:15:00.000-04:00,5.65,P
01013500,00065,"Gage height, ft",ft,2026-05-20T18:30:00.000-04:00,5.65,P
01013500,00065,"Gage height, ft",ft,2026-05-20T18:45:00.000-04:00,5.64,P
01013500,00065,"Gage height, ft",ft,2026-05-20T19:00:00.000-04:00,5.64,P
01013500,00065,"Gage height, ft",ft,2026-05-20T19:15:00.000-04:00,5.64,P
01013500,00065,"Gage height, ft",ft,2026-05-20T19:30:00.000-04:00,5.63,P
01013500,00065,"Gage height, ft",ft,2026-05-20T19:45:00.000-04:00,5.62,P
01013500,00065,"Gage height, ft",ft,2026-05-20T20:00:00.000-04:00,5.62,P
01013500,00065,"Gage height, ft",ft,2026-05-20T20:15:00.000-04:00,5.62,P
01013500,00065,"Gage height, ft",ft,2026-05-20T20:30:00.000-04:00,5.62,P
01013500,00065,"Gage height, ft",ft,2026-05-20T20:45:00.000-04:00,5.62,P
01013500,00065,"Gage height, ft",ft,2026-05-20T21:00:00.000-04:00,5.62,P
01013500,00065,"Gage height, ft",ft,2026-05-20T21:15:00.000-04:00,5.62,P
01013500,00065,"Gage height, ft",ft,2026-05-20T21:30:00.000-04:00,5.62,P
01013500,00065,"Gage height, ft",ft,2026-05-20T21:45:00.000-04:00,5.61,P
01013500,00065,"Gage height, ft",ft,2026-05-20T22:00:00.000-04:00,5.61,P
01013500,00065,"Gage height, ft",ft,2026-05-20T22:15:00.000-04:00,5.61,P
01013500,00065,"Gage height, ft",ft,2026-05-20T22:30:00.000-04:00,5.61,P
01013500,00065,"Gage height, ft",ft,2026-05-20T22:45:00.000-04:00,5.61,P
01013500,00065,"Gage height, ft",ft,2026-05-20T23:00:00.000-04:00,5.61,P
01013500,00065,"Gage height, ft",ft,2026-05-20T23:15:00.000-04:00,5.61,P
01013500,00065,"Gage height, ft",ft,2026-05-20T23:30:00.000-04:00,5.6,P
01013500,00065,"Gage height, ft",ft,2026-05-20T23:45:00.000-04:00,5.61,P
01013500,00065,"Gage height, ft",ft,2026-05-21T00:00:00.000-04:00,5.61,P
01013500,00065,"Gage height, ft",ft,2026-05-21T00:15:00.000-04:00,5.61,P
01013500,00065,"Gage height, ft",ft,2026-05-21T00:30:00.000-04:00,5.6,P
01013500,00065,"Gage height, ft",ft,2026-05-21T00:45:00.000-04:00,5.61,P
01013500,00065,"Gage height, ft",ft,2026-05-21T01:00:00.000-04:00,5.6,P
01013500,00065,"Gage height, ft",ft,2026-05-21T01:15:00.000-04:00,5.61,P
01013500,00065,"Gage height, ft",ft,2026-05-21T01:30:00.000-04:00,5.6,P
01013500,00065,"Gage height, ft",ft,2026-05-21T01:45:00.000-04:00,5.6,P
01013500,00065,"Gage height, ft",ft,2026-05-21T02:00:00.000-04:00,5.59,P
01013500,00065,"Gage height, ft",ft,2026-05-21T02:15:00.000-04:00,5.59,P
01013500,00065,"Gage height, ft",ft,2026-05-21T02:30:00.000-04:00,5.59,P
01013500,00065,"Gage height, ft",ft,2026-05-21T02:45:00.000-04:00,5.59,P
01013500,00065,"Gage height, ft",ft,2026-05-21T03:00:00.000-04:00,5.58,P
01013500,00065,"Gage height, ft",ft,2026-05-21T03:15:00.000-04:00,5.58,P
01013500,00065,"Gage height, ft",ft,2026-05-21T03:30:00.000-04:00,5.58,P
01013500,00065,"Gage height, ft",ft,2026-05-21T03:45:00.000-04:00,5.58,P
01013500,00065,"Gage height, ft",ft,2026-05-21T04:00:00.000-04:00,5.58,P
01013500,00065,"Gage height, ft",ft,2026-05-21T04:15:00.000-04:00,5.57,P
01013500,00065,"Gage height, ft",ft,2026-05-21T04:30:00.000-04:00,5.56,P
01013500,00065,"Gage height, ft",ft,2026-05-21T04:45:00.000-04:00,5.57,P
01013500,00065,"Gage height, ft",ft,2026-05-21T05:00:00.000-04:00,5.56,P
01013500,00065,"Gage height, ft",ft,2026-05-21T05:15:00.000-04:00,5.57,P
01013500,00065,"Gage height, ft",ft,2026-05-21T05:30:00.000-04:00,5.56,P
01013500,00065,"Gage height, ft",ft,2026-05-21T05:45:00.000-04:00,5.56,P
01013500,00065,"Gage height, ft",ft,2026-05-21T06:00:00.000-04:00,5.56,P
01013500,00065,"Gage height, ft",ft,2026-05-21T06:15:00.000-04:00,5.56,P
01013500,00065,"Gage height, ft",ft,2026-05-21T06:30:00.000-04:00,5.56,P
01013500,00065,"Gage height, ft",ft,2026-05-21T06:45:00.000-04:00,5.56,P
01013500,00065,"Gage height, ft",ft,2026-05-21T07:00:00.000-04:00,5.57,P
01013500,00065,"Gage height, ft",ft,2026-05-21T07:15:00.000-04:00,5.56,P
01013500,00065,"Gage height, ft",ft,2026-05-21T07:30:00.000-04:00,5.56,P
01013500,00065,"Gage height, ft",ft,2026-05-21T07:45:00.000-04:00,5.56,P
01013500,00065,"Gage height, ft",ft,2026-05-21T08:00:00.000-04:00,5.56,P
01013500,00065,"Gage height, ft",ft,2026-05-21T08:15:00.000-04:00,5.57,P
01013500,00065,"Gage height, ft",ft,2026-05-21T08:30:00.000-04:00,5.56,P
01013500,00065,"Gage height, ft",ft,2026-05-21T08:45:00.000-04:00,5.56,P
01013500,00065,"Gage height, ft",ft,2026-05-21T09:00:00.000-04:00,5.56,P
01013500,00065,"Gage height, ft",ft,2026-05-21T09:15:00.000-04:00,5.55,P
01013500,00065,"Gage height, ft",ft,2026-05-21T09:30:00.000-04:00,5.56,P
01013500,00065,"Gage height, ft",ft,2026-05-21T09:45:00.000-04:00,5.55,P
01013500,00065,"Gage height, ft",ft,2026-05-21T10:00:00.000-04:00,5.55,P
01013500,00065,"Gage height, ft",ft,2026-05-21T10:15:00.000-04:00,5.54,P
01013500,00065,"Gage height, ft",ft,2026-05-21T10:30:00.000-04:00,5.55,P
01013500,00065,"Gage height, ft",ft,2026-05-21T10:45:00.000-04:00,5.55,P
01013500,00065,"Gage height, ft",ft,2026-05-21T11:00:00.000-04:00,5.54,P
01013500,00065,"Gage height, ft",ft,2026-05-21T11:15:00.000-04:00,5.54,P
01013500,00065,"Gage height, ft",ft,2026-05-21T11:30:00.000-04:00,5.55,P
01013500,00065,"Gage height, ft",ft,2026-05-21T11:45:00.000-04:00,5.55,P
01013500,00065,"Gage height, ft",ft,2026-05-21T12:00:00.000-04:00,5.54,P
01013500,00065,"Gage height, ft",ft,2026-05-21T12:15:00.000-04:00,5.54,P
01013500,00065,"Gage height, ft",ft,2026-05-21T12:30:00.000-04:00,5.53,P
01013500,00065,"Gage height, ft",ft,2026-05-21T12:45:00.000-04:00,5.54,P
01013500,00065,"Gage height, ft",ft,2026-05-21T13:00:00.000-04:00,5.53,P
01013500,00065,"Gage height, ft",ft,2026-05-21T13:15:00.000-04:00,5.53,P
01013500,00065,"Gage height, ft",ft,2026-05-21T13:30:00.000-04:00,5.53,P
01013500,00065,"Gage height, ft",ft,2026-05-21T13:45:00.000-04:00,5.52,P
01013500,00065,"Gage height, ft",ft,2026-05-21T14:00:00.000-04:00,5.52,P
01013500,00065,"Gage height, ft",ft,2026-05-21T14:15:00.000-04:00,5.53,P
01013500,00065,"Gage height, ft",ft,2026-05-21T14:30:00.000-04:00,5.52,P
01013500,00065,"Gage height, ft",ft,2026-05-21T14:45:00.000-04:00,5.52,P
01013500,00065,"Gage height, ft",ft,2026-05-21T15:00:00.000-04:00,5.52,P
01013500,00065,"Gage height, ft",ft,2026-05-21T15:15:00.000-04:00,5.52,P
01013500,00065,"Gage height, ft",ft,2026-05-21T15:30:00.000-04:00,5.52,P
01013500,00065,"Gage height, ft",ft,2026-05-21T15:45:00.000-04:00,5.52,P
01013500,00065,"Gage height, ft",ft,2026-05-21T16:00:00.000-04:00,5.51,P
01013500,00065,"Gage height, ft",ft,2026-05-21T16:15:00.000-04:00,5.51,P
01013500,00065,"Gage height, ft",ft,2026-05-21T16:30:00.000-04:00,5.51,P
01013500,00065,"Gage height, ft",ft,2026-05-21T16:45:00.000-04:00,5.51,P
01013500,00065,"Gage height, ft",ft,2026-05-21T17:00:00.000-04:00,5.5,P
01013500,00065,"Gage height, ft",ft,2026-05-21T17:15:00.000-04:00,5.49,P
01013500,00065,"Gage height, ft",ft,2026-05-21T17:30:00.000-04:00,5.5,P
01013500,00065,"Gage height, ft",ft,2026-05-21T17:45:00.000-04:00,5.49,P
01013500,00065,"Gage height, ft",ft,2026-05-21T18:00:00.000-04:00,5.49,P
01013500,00065,"Gage height, ft",ft,2026-05-21T18:15:00.000-04:00,5.5,P
01013500,00065,"Gage height, ft",ft,2026-05-21T18:30:00.000-04:00,5.49,P
01013500,00065,"Gage height, ft",ft,2026-05-21T18:45:00.000-04:00,5.49,P
01013500,00065,"Gage height, ft",ft,2026-05-21T19:00:00.000-04:00,5.48,P
01013500,00065,"Gage height, ft",ft,2026-05-21T19:15:00.000-04:00,5.48,P
01013500,00065,"Gage height, ft",ft,2026-05-21T19:30:00.000-04:00,5.48,P
01013500,00065,"Gage height, ft",ft,2026-05-21T19:45:00.000-04:00,5.48,P
01013500,00065,"Gage height, ft",ft,2026-05-21T20:00:00.000-04:00,5.48,P
01013500,00065,"Gage height, ft",ft,2026-05-21T20:15:00.000-04:00,5.48,P
01013500,00065,"Gage height, ft",ft,2026-05-21T20:30:00.000-04:00,5.47,P
01013500,00065,"Gage height, ft",ft,2026-05-21T20:45:00.000-04:00,5.48,P
01013500,00065,"Gage height, ft",ft,2026-05-21T21:00:00.000-04:00,5.46,P
01013500,00065,"Gage height, ft",ft,2026-05-21T21:15:00.000-04:00,5.46,P
01013500,00065,"Gage height, ft",ft,2026-05-21T21:30:00.000-04:00,5.47,P
01013500,00065,"Gage height, ft",ft,2026-05-21T21:45:00.000-04:00,5.47,P
01013500,00065,"Gage height, ft",ft,2026-05-21T22:00:00.000-04:00,5.47,P
01013500,00065,"Gage height, ft",ft,2026-05-21T22:15:00.000-04:00,5.47,P
01013500,00065,"Gage height, ft",ft,2026-05-21T22:30:00.000-04:00,5.47,P
01013500,00065,"Gage height, ft",ft,2026-05-21T22:45:00.000-04:00,5.47,P
01013500,00065,"Gage height, ft",ft,2026-05-21T23:00:00.000-04:00,5.46,P
01013500,00065,"Gage height, ft",ft,2026-05-21T23:15:00.000-04:00,5.46,P
01013500,00065,"Gage height, ft",ft,2026-05-21T23:30:00.000-04:00,5.46,P
01013500,00065,"Gage height, ft",ft,2026-05-21T23:45:00.000-04:00,5.46,P
01013500,00065,"Gage height, ft",ft,2026-05-22T00:00:00.000-04:00,5.46,P
01013500,00065,"Gage height, ft",ft,2026-05-22T00:15:00.000-04:00,5.46,P
01013500,00065,"Gage height, ft",ft,2026-05-22T00:30:00.000-04:00,5.46,P
01013500,00065,"Gage height, ft",ft,2026-05-22T00:45:00.000-04:00,5.46,P
01013500,00065,"Gage height, ft",ft,2026-05-22T01:00:00.000-04:00,5.46,P
01013500,00065,"Gage height, ft",ft,2026-05-22T01:15:00.000-04:00,5.45,P
01013500,00065,"Gage height, ft",ft,2026-05-22T01:30:00.000-04:00,5.46,P
01013500,00065,"Gage height, ft",ft,2026-05-22T01:45:00.000-04:00,5.46,P
01013500,00065,"Gage height, ft",ft,2026-05-22T02:00:00.000-04:00,5.45,P
01013500,00065,"Gage height, ft",ft,2026-05-22T02:15:00.000-04:00,5.45,P
01013500,00065,"Gage height, ft",ft,2026-05-22T02:30:00.000-04:00,5.45,P
01013500,00065,"Gage height, ft",ft,2026-05-22T02:45:00.000-04:00,5.45,P
01013500,00065,"Gage height, ft",ft,2026-05-22T03:00:00.000-04:00,5.45,P
01013500,00065,"Gage height, ft",ft,2026-05-22T03:15:00.000-04:00,5.45,P
01013500,00065,"Gage height, ft",ft,2026-05-22T03:30:00.000-04:00,5.44,P
01013500,00065,"Gage height, ft",ft,2026-05-22T03:45:00.000-04:00,5.44,P
01013500,00065,"Gage height, ft",ft,2026-05-22T04:00:00.000-04:00,5.44,P
01013500,00065,"Gage height, ft",ft,2026-05-22T04:15:00.000-04:00,5.43,P
01013500,00065,"Gage height, ft",ft,2026-05-22T04:30:00.000-04:00,5.44,P
01013500,00065,"Gage height, ft",ft,2026-05-22T04:45:00.000-04:00,5.43,P
01013500,00065,"Gage height, ft",ft,2026-05-22T05:00:00.000-04:00,5.43,P
01013500,00065,"Gage height, ft",ft,2026-05-22T05:15:00.000-04:00,5.43,P
01013500,00065,"Gage height, ft",ft,2026-05-22T05:30:00.000-04:00,5.43,P
01013500,00065,"Gage height, ft",ft,2026-05-22T05:45:00.000-04:00,5.43,P
01013500,00065,"Gage height, ft",ft,2026-05-22T06:00:00.000-04:00,5.43,P
01013500,00065,"Gage height, ft",ft,2026-05-22T06:15:00.000-04:00,5.42,P
01013500,00065,"Gage height, ft",ft,2026-05-22T06:30:00.000-04:00,5.43,P
01013500,00065,"Gage height, ft",ft,2026-05-22T06:45:00.000-04:00,5.43,P
01013500,00065,"Gage height, ft",ft,2026-05-22T07:00:00.000-04:00,5.42,P
01013500,00065,"Gage height, ft",ft,2026-05-22T07:15:00.000-04:00,5.41,P
01013500,00065,"Gage height, ft",ft,2026-05-22T07:30:00.000-04:00,5.41,P
01013500,00065,"Gage height, ft",ft,2026-05-22T07:45:00.000-04:00,5.42,P
01013500,00065,"Gage height, ft",ft,2026-05-22T08:00:00.000-04:00,5.42,P
01013500,00065,"Gage height, ft",ft,2026-05-22T08:15:00.000-04:00,5.42,P
01013500,00065,"Gage height, ft",ft,2026-05-22T08:30:00.000-04:00,5.42,P
01013500,00065,"Gage height, ft",ft,2026-05-22T08:45:00.000-04:00,5.42,P
01013500,00065,"Gage height, ft",ft,2026-05-22T09:00:00.000-04:00,5.42,P
01013500,00065,"Gage height, ft",ft,2026-05-22T09:15:00.000-04:00,5.42,P
01013500,00065,"Gage height, ft",ft,2026-05-22T09:30:00.000-04:00,5.42,P
01013500,00065,"Gage height, ft",ft,2026-05-22T09:45:00.000-04:00,5.42,P
01013500,00065,"Gage height, ft",ft,2026-05-22T10:00:00.000-04:00,5.41,P
01013500,00065,"Gage height, ft",ft,2026-05-22T10:15:00.000-04:00,5.41,P
01013500,00065,"Gage height, ft",ft,2026-05-22T10:30:00.000-04:00,5.4,P
01013500,00065,"Gage height, ft",ft,2026-05-22T10:45:00.000-04:00,5.41,P
01013500,00065,"Gage height, ft",ft,2026-05-22T11:00:00.000-04:00,5.41,P
01013500,00065,"Gage height, ft",ft,2026-05-22T11:15:00.000-04:00,5.41,P
01013500,00065,"Gage height, ft",ft,2026-05-22T11:30:00.000-04:00,5.41,P
01013500,00065,"Gage height, ft",ft,2026-05-22T11:45:00.000-04:00,5.4,P
01013500,00065,"Gage height, ft",ft,2026-05-22T12:00:00.000-04:00,5.4,P
01013500,00065,"Gage height, ft",ft,2026-05-22T12:15:00.000-04:00,5.4,P
01013500,00065,"Gage height, ft",ft,2026-05-22T12:30:00.000-04:00,5.4,P
01013500,00065,"Gage height, ft",ft,2026-05-22T12:45:00.000-04:00,5.39,P
01013500,00065,"Gage height, ft",ft,2026-05-22T13:00:00.000-04:00,5.38,P
01013500,00065,"Gage height, ft",ft,2026-05-22T13:15:00.000-04:00,5.39,P
01013500,00065,"Gage height, ft",ft,2026-05-22T13:30:00.000-04:00,5.38,P
01013500,00065,"Gage height, ft",ft,2026-05-22T13:45:00.000-04:00,5.38,P
01013500,00065,"Gage height, ft",ft,2026-05-22T14:00:00.000-04:00,5.38,P
01013500,00065,"Gage height, ft",ft,2026-05-22T14:15:00.000-04:00,5.38,P
01013500,00065,"Gage height, ft",ft,2026-05-22T14:30:00.000-04:00,5.37,P
01013500,00065,"Gage height, ft",ft,2026-05-22T14:45:00.000-04:00,5.37,P
01013500,00065,"Gage height, ft",ft,2026-05-22T15:00:00.000-04:00,5.37,P
01013500,00065,"Gage height, ft",ft,2026-05-22T15:15:00.000-04:00,5.36,P
01013500,00065,"Gage height, ft",ft,2026-05-22T15:30:00.000-04:00,5.36,P
01013500,00065,"Gage height, ft",ft,2026-05-22T15:45:00.000-04:00,5.36,P
01013500,00065,"Gage height, ft",ft,2026-05-22T16:00:00.000-04:00,5.36,P
01013500,00065,"Gage height, ft",ft,2026-05-22T16:15:00.000-04:00,5.35,P
01013500,00065,"Gage height, ft",ft,2026-05-22T16:30:00.000-04:00,5.35,P
01013500,00065,"Gage height, ft",ft,2026-05-22T16:45:00.000-04:00,5.35,P
01013500,00065,"Gage height, ft",ft,2026-05-22T17:00:00.000-04:00,5.35,P
01013500,00065,"Gage height, ft",ft,2026-05-22T17:15:00.000-04:00,5.34,P
01013500,00065,"Gage height, ft",ft,2026-05-22T17:30:00.000-04:00,5.33,P
01013500,00065,"Gage height, ft",ft,2026-05-22T17:45:00.000-04:00,5.33,P
01013500,00065,"Gage height, ft",ft,2026-05-22T18:00:00.000-04:00,5.33,P
01013500,00065,"Gage height, ft",ft,2026-05-22T18:15:00.000-04:00,5.33,P
01013500,00065,"Gage height, ft",ft,2026-05-22T18:30:00.000-04:00,5.33,P
01013500,00065,"Gage height, ft",ft,2026-05-22T18:45:00.000-04:00,5.33,P
01013500,00065,"Gage height, ft",ft,2026-05-22T19:00:00.000-04:00,5.32,P
01013500,00065,"Gage height, ft",ft,2026-05-22T19:15:00.000-04:00,5.32,P
01013500,00065,"Gage height, ft",ft,2026-05-22T19:30:00.000-04:00,5.33,P
01013500,00065,"Gage height, ft",ft,2026-05-22T19:45:00.000-04:00,5.32,P
01013500,00065,"Gage height, ft",ft,2026-05-22T20:00:00.000-04:00,5.32,P
01013500,00065,"Gage height, ft",ft,2026-05-22T20:15:00.000-04:00,5.32,P
01013500,00065,"Gage height, ft",ft,2026-05-22T20:30:00.000-04:00,5.32,P
01013500,00065,"Gage height, ft",ft,2026-05-22T20:45:00.000-04:00,5.32,P
01013500,00065,"Gage height, ft",ft,2026-05-22T21:00:00.000-04:00,5.33,P
01013500,00065,"Gage height, ft",ft,2026-05-22T21:15:00.000-04:00,5.31,P
01013500,00065,"Gage height, ft",ft,2026-05-22T21:30:00.000-04:00,5.32,P
01013500,00065,"Gage height, ft",ft,2026-05-22T21:45:00.000-04:00,5.32,P
01013500,00065,"Gage height, ft",ft,2026-05-22T22:00:00.000-04:00,5.32,P
01013500,00065,"Gage height, ft",ft,2026-05-22T22:15:00.000-04:00,5.32,P
01013500,00065,"Gage height, ft",ft,2026-05-22T22:30:00.000-04:00,5.32,P
01013500,00065,"Gage height, ft",ft,2026-05-22T22:45:00.000-04:00,5.32,P
01013500,00065,"Gage height, ft",ft,2026-05-22T23:00:00.000-04:00,5.31,P
01013500,00065,"Gage height, ft",ft,2026-05-22T23:15:00.000-04:00,5.31,P
01013500,00065,"Gage height, ft",ft,2026-05-22T23:30:00.000-04:00,5.31,P
01013500,00065,"Gage height, ft",ft,2026-05-22T23:45:00.000-04:00,5.31,P
01013500,00065,"Gage height, ft",ft,2026-05-23T00:00:00.000-04:00,5.31,P
01013500,00065,"Gage height, ft",ft,2026-05-23T00:15:00.000-04:00,5.31,P
01013500,00065,"Gage height, ft",ft,2026-05-23T00:30:00.000-04:00,5.31,P
01013500,00065,"Gage height, ft",ft,2026-05-23T00:45:00.000-04:00,5.31,P
01013500,00065,"Gage height, ft",ft,2026-05-23T01:00:00.000-04:00,5.31,P
01013500,00065,"Gage height, ft",ft,2026-05-23T01:15:00.000-04:00,5.3,P
01013500,00065,"Gage height, ft",ft,2026-05-23T01:30:00.000-04:00,5.31,P
01013500,00065,"Gage height, ft",ft,2026-05-23T01:45:00.000-04:00,5.31,P
01013500,00065,"Gage height, ft",ft,2026-05-23T02:00:00.000-04:00,5.3,P
01013500,00065,"Gage height, ft",ft,2026-05-23T02:15:00.000-04:00,5.3,P
01013500,00065,"Gage height, ft",ft,2026-05-23T02:30:00.000-04:00,5.3,P
01013500,00065,"Gage height, ft",ft,2026-05-23T02:45:00.000-04:00,5.3,P
01013500,00065,"Gage height, ft",ft,2026-05-23T03:00:00.000-04:00,5.3,P
01013500,00065,"Gage height, ft",ft,2026-05-23T03:15:00.000-04:00,5.29,P
01013500,00065,"Gage height, ft",ft,2026-05-23T03:30:00.000-04:00,5.29,P
01013500,00065,"Gage height, ft",ft,2026-05-23T03:45:00.000-04:00,5.29,P
01013500,00065,"Gage height, ft",ft,2026-05-23T04:00:00.000-04:00,5.29,P
01013500,00065,"Gage height, ft",ft,2026-05-23T04:15:00.000-04:00,5.29,P
01013500,00065,"Gage height, ft",ft,2026-05-23T04:30:00.000-04:00,5.28,P
01013500,00065,"Gage height, ft",ft,2026-05-23T04:45:00.000-04:00,5.28,P
01013500,00065,"Gage height, ft",ft,2026-05-23T05:00:00.000-04:00,5.28,P
01013500,00065,"Gage height, ft",ft,2026-05-23T05:15:00.000-04:00,5.27,P
01013500,00065,"Gage height, ft",ft,2026-05-23T05:30:00.000-04:00,5.28,P
01013500,00065,"Gage height, ft",ft,2026-05-23T05:45:00.000-04:00,5.27,P
01013500,00065,"Gage height, ft",ft,2026-05-23T06:00:00.000-04:00,5.27,P
01013500,00065,"Gage height, ft",ft,2026-05-23T06:15:00.000-04:00,5.27,P
01013500,00065,"Gage height, ft",ft,2026-05-23T06:30:00.000-04:00,5.27,P
01013500,00065,"Gage height, ft",ft,2026-05-23T06:45:00.000-04:00,5.27,P
01013500,00065,"Gage height, ft",ft,2026-05-23T07:00:00.000-04:00,5.27,P
01013500,00065,"Gage height, ft",ft,2026-05-23T07:15:00.000-04:00,5.27,P
01013500,00065,"Gage height, ft",ft,2026-05-23T07:30:00.000-04:00,5.27,P
01013500,00065,"Gage height, ft",ft,2026-05-23T07:45:00.000-04:00,5.27,P
01013500,00065,"Gage height, ft",ft,2026-05-23T08:00:00.000-04:00,5.26,P
01013500,00065,"Gage height, ft",ft,2026-05-23T08:15:00.000-04:00,5.26,P
01013500,00065,"Gage height, ft",ft,2026-05-23T08:30:00.000-04:00,5.27,P
01013500,00065,"Gage height, ft",ft,2026-05-23T08:45:00.000-04:00,5.26,P
01013500,00065,"Gage height, ft",ft,2026-05-23T09:00:00.000-04:00,5.26,P
01013500,00065,"Gage height, ft",ft,2026-05-23T09:15:00.000-04:00,5.27,P
01013500,00065,"Gage height, ft",ft,2026-05-23T09:30:00.000-04:00,5.26,P
01013500,00065,"Gage height, ft",ft,2026-05-23T09:45:00.000-04:00,5.27,P
01013500,00065,"Gage height, ft",ft,2026-05-23T10:00:00.000-04:00,5.26,P
01013500,00065,"Gage height, ft",ft,2026-05-23T10:15:00.000-04:00,5.26,P
01013500,00065,"Gage height, ft",ft,2026-05-23T10:30:00.000-04:00,5.27,P
01013500,00065,"Gage height, ft",ft,2026-05-23T10:45:00.000-04:00,5.26,P
01013500,00065,"Gage height, ft",ft,2026-05-23T11:00:00.000-04:00,5.26,P
01013500,00065,"Gage height, ft",ft,2026-05-23T11:15:00.000-04:00,5.27,P
01013500,00065,"Gage height, ft",ft,2026-05-23T11:30:00.000-04:00,5.26,P
01013500,00065,"Gage height, ft",ft,2026-05-23T11:45:00.000-04:00,5.26,P
01013500,00065,"Gage height, ft",ft,2026-05-23T12:00:00.000-04:00,5.26,P
01013500,00065,"Gage height, ft",ft,2026-05-23T12:15:00.000-04:00,5.26,P
01013500,00065,"Gage height, ft",ft,2026-05-23T12:30:00.000-04:00,5.26,P
01013500,00065,"Gage height, ft",ft,2026-05-23T12:45:00.000-04:00,5.25,P
01013500,00065,"Gage height, ft",ft,2026-05-23T13:00:00.000-04:00,5.25,P
01013500,00065,"Gage height, ft",ft,2026-05-23T13:15:00.000-04:00,5.26,P
01013500,00065,"Gage height, ft",ft,2026-05-23T13:30:00.000-04:00,5.25,P
01013500,00065,"Gage height, ft",ft,2026-05-23T13:45:00.000-04:00,5.25,P
01013500,00065,"Gage height, ft",ft,2026-05-23T14:00:00.000-04:00,5.25,P
01013500,00065,"Gage height, ft",ft,2026-05-23T14:15:00.000-04:00,5.25,P
01013500,00065,"Gage height, ft",ft,2026-05-23T14:30:00.000-04:00,5.25,P
01013500,00065,"Gage height, ft",ft,2026-05-23T14:45:00.000-04:00,5.24,P
01013500,00065,"Gage height, ft",ft,2026-05-23T15:00:00.000-04:00,5.25,P
01013500,00065,"Gage height, ft",ft,2026-05-23T15:15:00.000-04:00,5.24,P
01013500,00065,"Gage height, ft",ft,2026-05-23T15:30:00.000-04:00,5.24,P
01013500,00065,"Gage height, ft",ft,2026-05-23T15:45:00.000-04:00,5.24,P
01013500,00065,"Gage height, ft",ft,2026-05-23T16:00:00.000-04:00,5.24,P
01013500,00065,"Gage height, ft",ft,2026-05-23T16:15:00.000-04:00,5.24,P
01013500,00065,"Gage height, ft",ft,2026-05-23T16:30:00.000-04:00,5.24,P
01013500,00065,"Gage height, ft",ft,2026-05-23T16:45:00.000-04:00,5.24,P
01013500,00065,"Gage height, ft",ft,2026-05-23T17:00:00.000-04:00,5.24,P
01013500,00065,"Gage height, ft",ft,2026-05-23T17:15:00.000-04:00,5.23,P
01013500,00065,"Gage height, ft",ft,2026-05-23T17:30:00.000-04:00,5.23,P
01013500,00065,"Gage height, ft",ft,2026-05-23T17:45:00.000-04:00,5.23,P
01013500,00065,"Gage height, ft",ft,2026-05-23T18:00:00.000-04:00,5.23,P
01013500,00065,"Gage height, ft",ft,2026-05-23T18:15:00.000-04:00,5.23,P
01013500,00065,"Gage height, ft",ft,2026-05-23T18:30:00.000-04:00,5.23,P
01013500,00065,"Gage height, ft",ft,2026-05-23T18:45:00.000-04:00,5.23,P
01013500,00065,"Gage height, ft",ft,2026-05-23T19:00:00.000-04:00,5.22,P
01013500,00065,"Gage height, ft",ft,2026-05-23T19:15:00.000-04:00,5.22,P
01013500,00065,"Gage height, ft",ft,2026-05-23T19:30:00.000-04:00,5.22,P
01013500,00065,"Gage height, ft",ft,2026-05-23T19:45:00.000-04:00,5.22,P
01013500,00065,"Gage height, ft",ft,2026-05-23T20:00:00.000-04:00,5.21,P
01013500,00065,"Gage height, ft",ft,2026-05-23T20:15:00.000-04:00,5.22,P
01013500,00065,"Gage height, ft",ft,2026-05-23T20:30:00.000-04:00,5.22,P
01013500,00065,"Gage height, ft",ft,2026-05-23T20:45:00.000-04:00,5.21,P
01013500,00065,"Gage height, ft",ft,2026-05-23T21:00:00.000-04:00,5.21,P
01013500,00065,"Gage height, ft",ft,2026-05-23T21:15:00.000-04:00,5.2,P
01013500,00065,"Gage height, ft",ft,2026-05-23T21:30:00.000-04:00,5.21,P
01013500,00065,"Gage height, ft",ft,2026-05-23T21:45:00.000-04:00,5.21,P
01013500,00065,"Gage height, ft",ft,2026-05-23T22:00:00.000-04:00,5.2,P
01013500,00065,"Gage height, ft",ft,2026-05-23T22:15:00.000-04:00,5.2,P
01013500,00065,"Gage height, ft",ft,2026-05-23T22:30:00.000-04:00,5.2,P
01013500,00065,"Gage height, ft",ft,2026-05-23T22:45:00.000-04:00,5.19,P
01013500,00065,"Gage height, ft",ft,2026-05-23T23:00:00.000-04:00,5.2,P
01013500,00065,"Gage height, ft",ft,2026-05-23T23:15:00.000-04:00,5.2,P
01013500,00065,"Gage height, ft",ft,2026-05-23T23:30:00.000-04:00,5.19,P
01013500,00065,"Gage height, ft",ft,2026-05-23T23:45:00.000-04:00,5.19,P
01013500,00065,"Gage height, ft",ft,2026-05-24T00:00:00.000-04:00,5.18,P
01013500,00065,"Gage height, ft",ft,2026-05-24T00:15:00.000-04:00,5.19,P
01013500,00065,"Gage height, ft",ft,2026-05-24T00:30:00.000-04:00,5.19,P
01013500,00065,"Gage height, ft",ft,2026-05-24T00:45:00.000-04:00,5.18,P
01013500,00065,"Gage height, ft",ft,2026-05-24T01:00:00.000-04:00,5.18,P
01013500,00065,"Gage height, ft",ft,2026-05-24T01:15:00.000-04:00,5.17,P
01013500,00065,"Gage height, ft",ft,2026-05-24T01:30:00.000-04:00,5.18,P
01013500,00065,"Gage height, ft",ft,2026-05-24T01:45:00.000-04:00,5.18,P
01013500,00065,"Gage height, ft",ft,2026-05-24T02:00:00.000-04:00,5.18,P
01013500,00065,"Gage height, ft",ft,2026-05-24T02:15:00.000-04:00,5.17,P
01013500,00065,"Gage height, ft",ft,2026-05-24T02:30:00.000-04:00,5.16,P
01013500,00065,"Gage height, ft",ft,2026-05-24T02:45:00.000-04:00,5.17,P
01013500,00065,"Gage height, ft",ft,2026-05-24T03:00:00.000-04:00,5.17,P
01013500,00065,"Gage height, ft",ft,2026-05-24T03:15:00.000-04:00,5.16,P
01013500,00065,"Gage height, ft",ft,2026-05-24T03:30:00.000-04:00,5.16,P
01013500,00065,"Gage height, ft",ft,2026-05-24T03:45:00.000-04:00,5.16,P
01013500,00065,"Gage height, ft",ft,2026-05-24T04:00:00.000-04:00,5.16,P
01013500,00065,"Gage height, ft",ft,2026-05-24T04:15:00.000-04:00,5.16,P
01013500,00065,"Gage height, ft",ft,2026-05-24T04:30:00.000-04:00,5.15,P
01013500,00065,"Gage height, ft",ft,2026-05-24T04:45:00.000-04:00,5.16,P
01013500,00065,"Gage height, ft",ft,2026-05-24T05:00:00.000-04:00,5.15,P
01013500,00065,"Gage height, ft",ft,2026-05-24T05:15:00.000-04:00,5.15,P
01013500,00065,"Gage height, ft",ft,2026-05-24T05:30:00.000-04:00,5.15,P
01013500,00065,"Gage height, ft",ft,2026-05-24T05:45:00.000-04:00,5.15,P
01013500,00065,"Gage height, ft",ft,2026-05-24T06:00:00.000-04:00,5.15,P
01013500,00065,"Gage height, ft",ft,2026-05-24T06:15:00.000-04:00,5.14,P
01013500,00065,"Gage height, ft",ft,2026-05-24T06:30:00.000-04:00,5.14,P
01013500,00065,"Gage height, ft",ft,2026-05-24T06:45:00.000-04:00,5.15,P
01013500,00065,"Gage height, ft",ft,2026-05-24T07:00:00.000-04:00,5.14,P
01013500,00065,"Gage height, ft",ft,2026-05-24T07:15:00.000-04:00,5.14,P
01013500,00065,"Gage height, ft",ft,2026-05-24T07:30:00.000-04:00,5.14,P
01013500,00065,"Gage height, ft",ft,2026-05-24T07:45:00.000-04:00,5.14,P
01013500,00065,"Gage height, ft",ft,2026-05-24T08:00:00.000-04:00,5.14,P
01013500,00065,"Gage height, ft",ft,2026-05-24T08:15:00.000-04:00,5.14,P
01013500,00065,"Gage height, ft",ft,2026-05-24T08:30:00.000-04:00,5.14,P
01013500,00065,"Gage height, ft",ft,2026-05-24T08:45:00.000-04:00,5.14,P
01013500,00065,"Gage height, ft",ft,2026-05-24T09:00:00.000-04:00,5.14,P
01013500,00065,"Gage height, ft",ft,2026-05-24T09:15:00.000-04:00,5.14,P
01013500,00065,"Gage height, ft",ft,2026-05-24T09:30:00.000-04:00,5.14,P
01013500,00065,"Gage height, ft",ft,2026-05-24T09:45:00.000-04:00,5.14,P
01013500,00065,"Gage height, ft",ft,2026-05-24T10:00:00.000-04:00,5.14,P
01013500,00065,"Gage height, ft",ft,2026-05-24T10:15:00.000-04:00,5.14,P
01013500,00065,"Gage height, ft",ft,2026-05-24T10:30:00.000-04:00,5.14,P
01013500,00065,"Gage height, ft",ft,2026-05-24T10:45:00.000-04:00,5.14,P
01013500,00065,"Gage height, ft",ft,2026-05-24T11:00:00.000-04:00,5.13,P
01013500,00065,"Gage height, ft",ft,2026-05-24T11:15:00.000-04:00,5.14,P
01013500,00065,"Gage height, ft",ft,2026-05-24T11:30:00.000-04:00,5.13,P
01013500,00065,"Gage height, ft",ft,2026-05-24T11:45:00.000-04:00,5.14,P
01013500,00065,"Gage height, ft",ft,2026-05-24T12:00:00.000-04:00,5.14,P
01013500,00065,"Gage height, ft",ft,2026-05-24T12:15:00.000-04:00,5.13,P
01013500,00065,"Gage height, ft",ft,2026-05-24T12:30:00.000-04:00,5.14,P
01013500,00065,"Gage height, ft",ft,2026-05-24T12:45:00.000-04:00,5.13,P
01013500,00065,"Gage height, ft",ft,2026-05-24T13:00:00.000-04:00,5.13,P
01013500,00065,"Gage height, ft",ft,2026-05-24T13:15:00.000-04:00,5.13,P
01013500,00065,"Gage height, ft",ft,2026-05-24T13:30:00.000-04:00,5.13,P
01013500,00065,"Gage height, ft",ft,2026-05-24T13:45:00.000-04:00,5.13,P
01013500,00065,"Gage height, ft",ft,2026-05-24T14:00:00.000-04:00,5.13,P
01013500,00065,"Gage height, ft",ft,2026-05-24T14:15:00.000-04:00,5.13,P
01013500,00065,"Gage height, ft",ft,2026-05-24T14:30:00.000-04:00,5.13,P
01013500,00065,"Gage height, ft",ft,2026-05-24T14:45:00.000-04:00,5.13,P
01013500,00065,"Gage height, ft",ft,2026-05-24T15:00:00.000-04:00,5.13,P
01013500,00065,"Gage height, ft",ft,2026-05-24T15:15:00.000-04:00,5.13,P
01013500,00065,"Gage height, ft",ft,2026-05-24T15:30:00.000-04:00,5.12,P
01013500,00065,"Gage height, ft",ft,2026-05-24T15:45:00.000-04:00,5.13,P
01013500,00065,"Gage height, ft",ft,2026-05-24T16:00:00.000-04:00,5.12,P
01013500,00065,"Gage height, ft",ft,2026-05-24T16:15:00.000-04:00,5.13,P
01013500,00065,"Gage height, ft",ft,2026-05-24T16:30:00.000-04:00,5.12,P
01013500,00065,"Gage height, ft",ft,2026-05-24T16:45:00.000-04:00,5.13,P
01013500,00065,"Gage height, ft",ft,2026-05-24T17:00:00.000-04:00,5.12,P
01013500,00065,"Gage height, ft",ft,2026-05-24T17:15:00.000-04:00,5.12,P
01013500,00065,"Gage height, ft",ft,2026-05-24T17:30:00.000-04:00,5.12,P
01013500,00065,"Gage height, ft",ft,2026-05-24T17:45:00.000-04:00,5.12,P
01013500,00065,"Gage height, ft",ft,2026-05-24T18:00:00.000-04:00,5.12,P
01013500,00065,"Gage height, ft",ft,2026-05-24T18:15:00.000-04:00,5.12,P
01013500,00065,"Gage height, ft",ft,2026-05-24T18:30:00.000-04:00,5.12,P
01013500,00065,"Gage height, ft",ft,2026-05-24T18:45:00.000-04:00,5.12,P
01013500,00065,"Gage height, ft",ft,2026-05-24T19:00:00.000-04:00,5.12,P
01013500,00065,"Gage height, ft",ft,2026-05-24T19:15:00.000-04:00,5.12,P
01013500,00065,"Gage height, ft",ft,2026-05-24T19:30:00.000-04:00,5.12,P
01013500,00065,"Gage height, ft",ft,2026-05-24T19:45:00.000-04:00,5.11,P
01013500,00065,"Gage height, ft",ft,2026-05-24T20:00:00.000-04:00,5.11,P
01013500,00065,"Gage height, ft",ft,2026-05-24T20:15:00.000-04:00,5.11,P
01013500,00065,"Gage height, ft",ft,2026-05-24T20:30:00.000-04:00,5.11,P
01013500,00065,"Gage height, ft",ft,2026-05-24T20:45:00.000-04:00,5.1,P
01013500,00065,"Gage height, ft",ft,2026-05-24T21:00:00.000-04:00,5.11,P
01013500,00065,"Gage height, ft",ft,2026-05-24T21:15:00.000-04:00,5.1,P
01013500,00065,"Gage height, ft",ft,2026-05-24T21:30:00.000-04:00,5.1,P
01013500,00065,"Gage height, ft",ft,2026-05-24T21:45:00.000-04:00,5.1,P
01013500,00065,"Gage height, ft",ft,2026-05-24T22:00:00.000-04:00,5.1,P
01013500,00065,"Gage height, ft",ft,2026-05-24T22:15:00.000-04:00,5.09,P
01013500,00065,"Gage height, ft",ft,2026-05-24T22:30:00.000-04:00,5.09,P
01013500,00065,"Gage height, ft",ft,2026-05-24T22:45:00.000-04:00,5.09,P
01013500,00065,"Gage height, ft",ft,2026-05-24T23:00:00.000-04:00,5.09,P
01013500,00065,"Gage height, ft",ft,2026-05-24T23:15:00.000-04:00,5.09,P
01013500,00065,"Gage height, ft",ft,2026-05-24T23:30:00.000-04:00,5.09,P
01013500,00065,"Gage height, ft",ft,2026-05-24T23:45:00.000-04:00,5.09,P
01013500,00065,"Gage height, ft",ft,2026-05-25T00:00:00.000-04:00,5.09,P
01013500,00065,"Gage height, ft",ft,2026-05-25T00:15:00.000-04:00,5.08,P
01013500,00065,"Gage height, ft",ft,2026-05-25T00:30:00.000-04:00,5.08,P
01013500,00065,"Gage height, ft",ft,2026-05-25T00:45:00.000-04:00,5.09,P
01013500,00065,"Gage height, ft",ft,2026-05-25T01:00:00.000-04:00,5.08,P
01013500,00065,"Gage height, ft",ft,2026-05-25T01:15:00.000-04:00,5.08,P
01013500,00065,"Gage height, ft",ft,2026-05-25T01:30:00.000-04:00,5.08,P
01013500,00065,"Gage height, ft",ft,2026-05-25T01:45:00.000-04:00,5.07,P
01013500,00065,"Gage height, ft",ft,2026-05-25T02:00:00.000-04:00,5.07,P
01013500,00065,"Gage height, ft",ft,2026-05-25T02:15:00.000-04:00,5.07,P
01013500,00065,"Gage height, ft",ft,2026-05-25T02:30:00.000-04:00,5.07,P
01013500,00065,"Gage height, ft",ft,2026-05-25T02:45:00.000-04:00,5.08,P
01013500,00065,"Gage height, ft",ft,2026-05-25T03:00:00.000-04:00,5.07,P
01013500,00065,"Gage height, ft",ft,2026-05-25T03:15:00.000-04:00,5.07,P
01013500,00065,"Gage height, ft",ft,2026-05-25T03:30:00.000-04:00,5.07,P
01013500,00065,"Gage height, ft",ft,2026-05-25T03:45:00.000-04:00,5.06,P
01013500,00065,"Gage height, ft",ft,2026-05-25T04:00:00.000-04:00,5.07,P
01013500,00065,"Gage height, ft",ft,2026-05-25T04:15:00.000-04:00,5.06,P
01013500,00065,"Gage height, ft",ft,2026-05-25T04:30:00.000-04:00,5.06,P
01013500,00065,"Gage height, ft",ft,2026-05-25T04:45:00.000-04:00,5.06,P
01013500,00065,"Gage height, ft",ft,2026-05-25T05:00:00.000-04:00,5.07,P
01013500,00065,"Gage height, ft",ft,2026-05-25T05:15:00.000-04:00,5.06,P
01013500,00065,"Gage height, ft",ft,2026-05-25T05:30:00.000-04:00,5.06,P
01013500,00065,"Gage height, ft",ft,2026-05-25T05:45:00.000-04:00,5.05,P
01013500,00065,"Gage height, ft",ft,2026-05-25T06:00:00.000-04:00,5.05,P
01013500,00065,"Gage height, ft",ft,2026-05-25T06:15:00.000-04:00,5.05,P
01013500,00065,"Gage height, ft",ft,2026-05-25T06:30:00.000-04:00,5.05,P
01013500,00065,"Gage height, ft",ft,2026-05-25T06:45:00.000-04:00,5.05,P
01013500,00065,"Gage height, ft",ft,2026-05-25T07:00:00.000-04:00,5.04,P
01013500,00065,"Gage height, ft",ft,2026-05-25T07:15:00.000-04:00,5.05,P
01013500,00065,"Gage height, ft",ft,2026-05-25T07:30:00.000-04:00,5.04,P
01013500,00065,"Gage height, ft",ft,2026-05-25T07:45:00.000-04:00,5.05,P
01013500,00065,"Gage height, ft",ft,2026-05-25T08:00:00.000-04:00,5.04,P
01013500,00065,"Gage height, ft",ft,2026-05-25T08:15:00.000-04:00,5.04,P
01013500,00065,"Gage height, ft",ft,2026-05-25T08:30:00.000-04:00,5.04,P
01013500,00065,"Gage height, ft",ft,2026-05-25T08:45:00.000-04:00,5.04,P
01013500,00065,"Gage height, ft",ft,2026-05-25T09:00:00.000-04:00,5.04,P
01013500,00065,"Gage height, ft",ft,2026-05-25T09:15:00.000-04:00,5.03,P
01013500,00065,"Gage height, ft",ft,2026-05-25T09:30:00.000-04:00,5.04,P
01013500,00065,"Gage height, ft",ft,2026-05-25T09:45:00.000-04:00,5.04,P
