site_id,parameter_code,variable_name,unit,date_time,discharge_cfs,qualifiers,gage_height_ft
01013500,00060,"Streamflow, ft&#179;/s",ft3/s,2026-05-18T11:00:00.000-04:00,3380,P,6.01
01013500,00060,"Streamflow, ft&#179;/s",ft3/s,2026-05-18T11:15:00.000-04:00,3370,P,6.0
01013500,00060,"Streamflow, ft&#179;/s",ft3/s,2026-05-18T11:30:00.000-04:00,3370,P,6.0
01013500,00060,"Streamflow, ft&#179;/s",ft3/s,2026-05-18T11:45:00.000-04:00,3350,P,5.99
01013500,00060,"Streamflow, ft&#179;/s",ft3/s,2026-05-18T12:00:00.000-04:00,3350,P,5.99
01013500,00060,"Streamflow, ft&#179;/s",ft3/s,2026-05-18T12:15:00.000-04:00,3370,P,6.0
01013500,00060,"Streamflow, ft&#179;/s",ft3/s,2026-05-18T12:30:00.000-04:00,3370,P,6.0
01013500,00060,"Streamflow, ft&#179;/s",ft3/s,2026-05-18T12:45:00.000-04:00,3370,P,6.0
01013500,00060,"Streamflow, ft&#179;/s",ft3/s,2026-05-18T13:00:00.000-04:00,3370,P,6.0
01013500,00060,"Streamflow, ft&#179;/s",ft3/s,2026-05-18T13:15:00.000-04:00,3350,P,5.99
01013500,00060,"Streamflow, ft&#179;/s",ft3/s,2026-05-18T13:30:00.000-04:00,3340,P,5.98
01013500,00060,"Streamflow, ft&#179;/s",ft3/s,2026-05-18T13:45:00.000-04:00,3350,P,5.99
01013500,00060,"Streamflow, ft&#179;/s",ft3/s,2026-05-18T14:00:00.000-04:00,3350,P,5.99
01013500,00060,"Streamflow, ft&#179;/s",ft3/s,2026-05-18T14:15:00.000-04:00,3340,P,5.98
01013500,00060,"Streamflow, ft&#179;/s",ft3/s,2026-05-18T14:30:00.000-04:00,3340,P,5.98
01013500,00060,"Streamflow, ft&#179;/s",ft3/s,2026-05-18T14:45:00.000-04:00,3320,P,5.97
01013500,00060,"Streamflow, ft&#179;/s",ft3/s,2026-05-18T15:00:00.000-04:00,3340,P,5.98
01013500,00060,"Streamflow, ft&#179;/s",ft3/s,2026-05-18T15:15:00.000-04:00,3340,P,5.98
01013500,00060,"Streamflow, ft&#179;/s",ft3/s,2026-05-18T15:30:00.000-04:00,3320,P,5.97
01013500,00060,"Streamflow, ft&#179;/s",ft3/s,2026-05-18T15:45:00.000-04:00,3340,P,5.98
01013500,00060,"Streamflow, ft&#179;/s",ft3/s,2026-05-18T16:00:00.000-04:00,3320,P,5.97
01013500,00060,"Streamflow, ft&#179;/s",ft3/s,2026-05-18T16:15:00.000-04:00,3320,P,5.97
01013500,00060,"Streamflow, ft&#179;/s",ft3/s,2026-05-18T16:30:00.000-04:00,3340,P,5.98
01013500,00060,"Streamflow, ft&#179;/s",ft3/s,2026-05-18T16:45:00.000-04:00,3320,P,5.97
01013500,00060,"Streamflow, ft&#179;/s",ft3/s,2026-05-18T17:00:00.000-04:00,3340,P,5.98
01013500,00060,"Streamflow, ft&#179;/s",ft3/s,2026-05-18T17:15:00.000-04:00,3300,P,5.96
01013500,00060,"Streamflow, ft&#179;/s",ft3/s,2026-05-18T17:30:00.000-04:00,3320,P,5.97
01013500,00060,"Streamflow, ft&#179;/s",ft3/s,2026-05-18T17:45:00.000-04:00,3320,P,5.97
01013500,00060,"Streamflow, ft&#179;/s",ft3/s,2026-05-18T18:00:00.000-04:00,3300,P,5.96
01013500,00060,"Streamflow, ft&#179;/s",ft3/s,2026-05-18T18:15:00.000-04:00,3300,P,5.96
01013500,00060,"Streamflow, ft&#179;/s",ft3/s,2026-05-18T18:30:00.000-04:00,3290,P,5.95
01013500,00060,"Streamflow, ft&#179;/s",ft3/s,2026-05-18T18:45:00.000-04:00,3270,P,5.94
01013500,00060,"Streamflow, ft&#179;/s",ft3/s,2026-05-18T19:00:00.000-04:00,3290,P,5.95
01013500,00060,"Streamflow, ft&#179;/s",ft3/s,2026-05-18T19:15:00.000-04:00,3300,P,5.96
01013500,00060,"Streamflow, ft&#179;/s",ft3/s,2026-05-18T19:30:00.000-04:00,3290,P,5.95
01013500,00060,"Streamflow, ft&#179;/s",ft3/s,2026-05-18T19:45:00.000-04:00,3290,P,5.95
01013500,00060,"Streamflow, ft&#179;/s",ft3/s,2026-05-18T20:00:00.000-04:00,3290,P,5.95
01013500,00060,"Streamflow, ft&#179;/s",ft3/s,2026-05-18T20:15:00.000-04:00,3270,P,5.94
01013500,00060,"Streamflow, ft&#179;/s",ft3/s,2026-05-18T20:30:00.000-04:00,3270,P,5.94
01013500,00060,"Streamflow, ft&#179;/s",ft3/s,2026-05-18T20:45:00.000-04:00,3270,P,5.94
01013500,00060,"Streamflow, ft&#179;/s",ft3/s,2026-05-18T21:00:00.000-04:00,3290,P,5.95
01013500,00060,"Streamflow, ft&#179;/s",ft3/s,2026-05-18T21:15:00.000-04:00,3270,P,5.94
01013500,00060,"Streamflow, ft&#179;/s",ft3/s,2026-05-18T21:30:00.000-04:00,3260,P,5.93
01013500,00060,"Streamflow, ft&#179;/s",ft3/s,2026-05-18T21:45:00.000-04:00,3270,P,5.94
01013500,00060,"Streamflow, ft&#179;/s",ft3/s,2026-05-18T22:00:00.000-04:00,3260,P,5.93
01013500,00060,"Streamflow, ft&#179;/s",ft3/s,2026-05-18T22:15:00.000-04:00,3260,P,5.93
01013500,00060,"Streamflow, ft&#179;/s",ft3/s,2026-05-18T22:30:00.000-04:00,3260,P,5.93
01013500,00060,"Streamflow, ft&#179;/s",ft3/s,2026-05-18T22:45:00.000-04:00,3260,P,5.93
01013500,00060,"Streamflow, ft&#179;/s",ft3/s,2026-05-18T23:00:00.000-04:00,3260,P,5.93
01013500,00060,"Streamflow, ft&#179;/s",ft3/s,2026-05-18T23:15:00.000-04:00,3240,P,5.92
01013500,00060,"Streamflow, ft&#179;/s",ft3/s,2026-05-18T23:30:00.000-04:00,3240,P,5.92
01013500,00060,"Streamflow, ft&#179;/s",ft3/s,2026-05-18T23:45:00.000-04:00,3240,P,5.92
01013500,00060,"Streamflow, ft&#179;/s",ft3/s,2026-05-19T00:00:00.000-04:00,3240,P,5.92
01013500,00060,"Streamflow, ft&#179;/s",ft3/s,2026-05-19T00:15:00.000-04:00,3240,P,5.92
01013500,00060,"Streamflow, ft&#179;/s",ft3/s,2026-05-19T00:30:00.000-04:00,3240,P,5.92
01013500,00060,"Streamflow, ft&#179;/s",ft3/s,2026-05-19T00:45:00.000-04:00,3230,P,5.91
01013500,00060,"Streamflow, ft&#179;/s",ft3/s,2026-05-19T01:00:00.000-04:00,3240,P,5.92
01013500,00060,"Streamflow, ft&#179;/s",ft3/s,2026-05-19T01:15:00.000-04:00,3230,P,5.91
01013500,00060,"Streamflow, ft&#179;/s",ft3/s,2026-05-19T01:30:00.000-04:00,3240,P,5.92
01013500,00060,"Streamflow, ft&#179;/s",ft3/s,2026-05-19T01:45:00.000-04:00,3230,P,5.91
01013500,00060,"Streamflow, ft&#179;/s",ft3/s,2026-05-19T02:00:00.000-04:00,3230,P,5.91
01013500,00060,"Streamflow, ft&#179;/s",ft3/s,2026-05-19T02:15:00.000-04:00,3210,P,5.9
01013500,00060,"Streamflow, ft&#179;/s",ft3/s,2026-05-19T02:30:00.000-04:00,3210,P,5.9
01013500,00060,"Streamflow, ft&#179;/s",ft3/s,2026-05-19T02:45:00.000-04:00,3210,P,5.9
01013500,00060,"Streamflow, ft&#179;/s",ft3/s,2026-05-19T03:00:00.000-04:00,3230,P,5.91
01013500,00060,"Streamflow, ft&#179;/s",ft3/s,2026-05-19T03:15:00.000-04:00,3210,P,5.9
01013500,00060,"Streamflow, ft&#179;/s",ft3/s,2026-05-19T03:30:00.000-04:00,3210,P,5.9
01013500,00060,"Streamflow, ft&#179;/s",ft3/s,2026-05-19T03:45:00.000-04:00,3200,P,5.89
01013500,00060,"Streamflow, ft&#179;/s",ft3/s,2026-05-19T04:00:00.000-04:00,3200,P,5.89
01013500,00060,"Streamflow, ft&#179;/s",ft3/s,2026-05-19T04:15:00.000-04:00,3210,P,5.9
01013500,00060,"Streamflow, ft&#179;/s",ft3/s,2026-05-19T04:30:00.000-04:00,3180,P,5.88
01013500,00060,"Streamflow, ft&#179;/s",ft3/s,2026-05-19T04:45:00.000-04:00,3200,P,5.89
01013500,00060,"Streamflow, ft&#179;/s",ft3/s,2026-05-19T05:00:00.000-04:00,3200,P,5.89
01013500,00060,"Streamflow, ft&#179;/s",ft3/s,2026-05-19T05:15:00.000-04:00,3180,P,5.88
01013500,00060,"Streamflow, ft&#179;/s",ft3/s,2026-05-19T05:30:00.000-04:00,3200,P,5.89
01013500,00060,"Streamflow, ft&#179;/s",ft3/s,2026-05-19T05:45:00.000-04:00,3180,P,5.88
01013500,00060,"Streamflow, ft&#179;/s",ft3/s,2026-05-19T06:00:00.000-04:00,3170,P,5.87
01013500,00060,"Streamflow, ft&#179;/s",ft3/s,2026-05-19T06:15:00.000-04:00,3180,P,5.88
01013500,00060,"Streamflow, ft&#179;/s",ft3/s,2026-05-19T06:30:00.000-04:00,3180,P,5.88
01013500,00060,"Streamflow, ft&#179;/s",ft3/s,2026-05-19T06:45:00.000-04:00,3170,P,5.87
01013500,00060,"Streamflow, ft&#179;/s",ft3/s,2026-05-19T07:00:00.000-04:00,3180,P,5.88
01013500,00060,"Streamflow, ft&#179;/s",ft3/s,2026-05-19T07:15:00.000-04:00,3180,P,5.88
01013500,00060,"Streamflow, ft&#179;/s",ft3/s,2026-05-19T07:30:00.000-04:00,3180,P,5.88
01013500,00060,"Streamflow, ft&#179;/s",ft3/s,2026-05-19T07:45:00.000-04:00,3180,P,5.88
01013500,00060,"Streamflow, ft&#179;/s",ft3/s,2026-05-19T08:00:00.000-04:00,3180,P,5.88
01013500,00060,"Streamflow, ft&#179;/s",ft3/s,2026-05-19T08:15:00.000-04:00,3180,P,5.88
01013500,00060,"Streamflow, ft&#179;/s",ft3/s,2026-05-19T08:30:00.000-04:00,3170,P,5.87
01013500,00060,"Streamflow, ft&#179;/s",ft3/s,2026-05-19T08:45:00.000-04:00,3150,P,5.86
01013500,00060,"Streamflow, ft&#179;/s",ft3/s,2026-05-19T09:00:00.000-04:00,3180,P,5.88
01013500,00060,"Streamflow, ft&#179;/s",ft3/s,2026-05-19T09:15:00.000-04:00,3170,P,5.87
01013500,00060,"Streamflow, ft&#179;/s",ft3/s,2026-05-19T09:30:00.000-04:00,3170,P,5.87
01013500,00060,"Streamflow, ft&#179;/s",ft3/s,2026-05-19T09:45:00.000-04:00,3170,P,5.87
01013500,00060,"Streamflow, ft&#179;/s",ft3/s,2026-05-19T10:00:00.000-04:00,3170,P,5.87
01013500,00060,"Streamflow, ft&#179;/s",ft3/s,2026-05-19T10:15:00.000-04:00,3150,P,5.86
01013500,00060,"Streamflow, ft&#179;/s",ft3/s,2026-05-19T10:30:00.000-04:00,3170,P,5.87
01013500,00060,"Streamflow, ft&#179;/s",ft3/s,2026-05-19T10:45:00.000-04:00,3150,P,5.86
01013500,00060,"Streamflow, ft&#179;/s",ft3/s,2026-05-19T11:00:00.000-04:00,3170,P,5.87
01013500,00060,"Streamflow, ft&#179;/s",ft3/s,2026-05-19T11:15:00.000-04:00,3150,P,5.86
01013500,00060,"Streamflow, ft&#179;/s",ft3/s,2026-05-19T11:30:00.000-04:00,3150,P,5.86
01013500,00060,"Streamflow, ft&#179;/s",ft3/s,2026-05-19T11:45:00.000-04:00,3150,P,5.86
01013500,00060,"Streamflow, ft&#179;/s",ft3/s,2026-05-19T12:00:00.000-04:00,3140,P,5.85
01013500,00060,"Streamflow, ft&#179;/s",ft3/s,2026-05-19T12:15:00.000-04:00,3140,P,5.85
01013500,00060,"Streamflow, ft&#179;/s",ft3/s,2026-05-19T12:30:00.000-04:00,3140,P,5.85
01013500,00060,"Streamflow, ft&#179;/s",ft3/s,2026-05-19T12:45:00.000-04:00,3140,P,5.85
01013500,00060,"Streamflow, ft&#179;/s",ft3/s,2026-05-19T13:00:00.000-04:00,3120,P,5.84
01013500,00060,"Streamflow, ft&#179;/s",ft3/s,2026-05-19T13:15:00.000-04:00,3140,P,5.85
01013500,00060,"Streamflow, ft&#179;/s",ft3/s,2026-05-19T13:30:00.000-04:00,3120,P,5.84
01013500,00060,"Streamflow, ft&#179;/s",ft3/s,2026-05-19T13:45:00.000-04:00,3120,P,5.84
01013500,00060,"Streamflow, ft&#179;/s",ft3/s,2026-05-19T14:00:00.000-04:00,3120,P,5.84
01013500,00060,"Streamflow, ft&#179;/s",ft3/s,2026-05-19T14:15:00.000-04:00,3110,P,5.83
01013500,00060,"Streamflow, ft&#179;/s",ft3/s,2026-05-19T14:30:00.000-04:00,3110,P,5.83
01013500,00060,"Streamflow, ft&#179;/s",ft3/s,2026-05-19T14:45:00.000-04:00,3120,P,5.84
01013500,00060,"Streamflow, ft&#179;/s",ft3/s,2026-05-19T15:00:00.000-04:00,3120,P,5.84
01013500,00060,"Streamflow, ft&#179;/s",ft3/s,2026-05-19T15:15:00.000-04:00,3110,P,5.83
01013500,00060,"Streamflow, ft&#179;/s",ft3/s,2026-05-19T15:30:00.000-04:00,3090,P,5.82
01013500,00060,"Streamflow, ft&#179;/s",ft3/s,2026-05-19T15:45:00.000-04:00,3110,P,5.83
01013500,00060,"Streamflow, ft&#179;/s",ft3/s,2026-05-19T16:00:00.000-04:00,3110,P,5.83
01013500,00060,"Streamflow, ft&#179;/s",ft3/s,2026-05-19T16:15:00.000-04:00,3080,P,5.81
01013500,00060,"Streamflow, ft&#179;/s",ft3/s,2026-05-19T16:30:00.000-04:00,3090,P,5.82
01013500,00060,"Streamflow, ft&#179;/s",ft3/s,2026-05-19T16:45:00.000-04:00,3090,P,5.82
01013500,00060,"Streamflow, ft&#179;/s",ft3/s,2026-05-19T17:00:00.000-04:00,3090,P,5.82
01013500,00060,"Streamflow, ft&#179;/s",ft3/s,2026-05-19T17:15:00.000-04:00,3090,P,5.82
01013500,00060,"Streamflow, ft&#179;/s",ft3/s,2026-05-19T17:30:00.000-04:00,3080,P,5.81
01013500,00060,"Streamflow, ft&#179;/s",ft3/s,2026-05-19T17:45:00.000-04:00,3080,P,5.81
01013500,00060,"Streamflow, ft&#179;/s",ft3/s,2026-05-19T18:00:00.000-04:00,3090,P,5.82
01013500,00060,"Streamflow, ft&#179;/s",ft3/s,2026-05-19T18:15:00.000-04:00,3080,P,5.81
01013500,00060,"Streamflow, ft&#179;/s",ft3/s,2026-05-19T18:30:00.000-04:00,3080,P,5.81
01013500,00060,"Streamflow, ft&#179;/s",ft3/s,2026-05-19T18:45:00.000-04:00,3080,P,5.81
01013500,00060,"Streamflow, ft&#179;/s",ft3/s,2026-05-19T19:00:00.000-04:00,3060,P,5.8
01013500,00060,"Streamflow, ft&#179;/s",ft3/s,2026-05-19T19:15:00.000-04:00,3060,P,5.8
01013500,00060,"Streamflow, ft&#179;/s",ft3/s,2026-05-19T19:30:00.000-04:00,3080,P,5.81
01013500,00060,"Streamflow, ft&#179;/s",ft3/s,2026-05-19T19:45:00.000-04:00,3060,P,5.8
01013500,00060,"Streamflow, ft&#179;/s",ft3/s,2026-05-19T20:00:00.000-04:00,3060,P,5.8
01013500,00060,"Streamflow, ft&#179;/s",ft3/s,2026-05-19T20:15:00.000-04:00,3060,P,5.8
01013500,00060,"Streamflow, ft&#179;/s",ft3/s,2026-05-19T20:30:00.000-04:00,3060,P,5.8
01013500,00060,"Streamflow, ft&#179;/s",ft3/s,2026-05-19T20:45:00.000-04:00,3060,P,5.8
01013500,00060,"Streamflow, ft&#179;/s",ft3/s,2026-05-19T21:00:00.000-04:00,3050,P,5.79
01013500,00060,"Streamflow, ft&#179;/s",ft3/s,2026-05-19T21:15:00.000-04:00,3050,P,5.79
01013500,00060,"Streamflow, ft&#179;/s",ft3/s,2026-05-19T21:30:00.000-04:00,3050,P,5.79
01013500,00060,"Streamflow, ft&#179;/s",ft3/s,2026-05-19T21:45:00.000-04:00,3050,P,5.79
01013500,00060,"Streamflow, ft&#179;/s",ft3/s,2026-05-19T22:00:00.000-04:00,3050,P,5.79
01013500,00060,"Streamflow, ft&#179;/s",ft3/s,2026-05-19T22:15:00.000-04:00,3050,P,5.79
01013500,00060,"Streamflow, ft&#179;/s",ft3/s,2026-05-19T22:30:00.000-04:00,3050,P,5.79
01013500,00060,"Streamflow, ft&#179;/s",ft3/s,2026-05-19T22:45:00.000-04:00,3050,P,5.79
01013500,00060,"Streamflow, ft&#179;/s",ft3/s,2026-05-19T23:00:00.000-04:00,3050,P,5.79
01013500,00060,"Streamflow, ft&#179;/s",ft3/s,2026-05-19T23:15:00.000-04:00,3050,P,5.79
01013500,00060,"Streamflow, ft&#179;/s",ft3/s,2026-05-19T23:30:00.000-04:00,3030,P,5.78
01013500,00060,"Streamflow, ft&#179;/s",ft3/s,2026-05-19T23:45:00.000-04:00,3050,P,5.79
01013500,00060,"Streamflow, ft&#179;/s",ft3/s,2026-05-20T00:00:00.000-04:00,3050,P,5.79
01013500,00060,"Streamflow, ft&#179;/s",ft3/s,2026-05-20T00:15:00.000-04:00,3050,P,5.79
01013500,00060,"Streamflow, ft&#179;/s",ft3/s,2026-05-20T00:30:00.000-04:00,3030,P,5.78
01013500,00060,"Streamflow, ft&#179;/s",ft3/s,2026-05-20T00:45:00.000-04:00,3030,P,5.78
01013500,00060,"Streamflow, ft&#179;/s",ft3/s,2026-05-20T01:00:00.000-04:00,3030,P,5.78
01013500,00060,"Streamflow, ft&#179;/s",ft3/s,2026-05-20T01:15:00.000-04:00,3030,P,5.78
01013500,00060,"Streamflow, ft&#179;/s",ft3/s,2026-05-20T01:30:00.000-04:00,3030,P,5.78
01013500,00060,"Streamflow, ft&#179;/s",ft3/s,2026-05-20T01:45:00.000-04:00,3000,P,5.76
01013500,00060,"Streamflow, ft&#179;/s",ft3/s,2026-05-20T02:00:00.000-04:00,3020,P,5.77
01013500,00060,"Streamflow, ft&#179;/s",ft3/s,2026-05-20T02:15:00.000-04:00,3020,P,5.77
01013500,00060,"Streamflow, ft&#179;/s",ft3/s,2026-05-20T02:30:00.000-04:00,3020,P,5.77
01013500,00060,"Streamflow, ft&#179;/s",ft3/s,2026-05-20T02:45:00.000-04:00,3000,P,5.76
01013500,00060,"Streamflow, ft&#179;/s",ft3/s,2026-05-20T03:00:00.000-04:00,3000,P,5.76
01013500,00060,"Streamflow, ft&#179;/s",ft3/s,2026-05-20T03:15:00.000-04:00,3000,P,5.76
01013500,00060,"Streamflow, ft&#179;/s",ft3/s,2026-05-20T03:30:00.000-04:00,3020,P,5.77
01013500,00060,"Streamflow, ft&#179;/s",ft3/s,2026-05-20T03:45:00.000-04:00,3020,P,5.77
01013500,00060,"Streamflow, ft&#179;/s",ft3/s,2026-05-20T04:00:00.000-04:00,2990,P,5.75
01013500,00060,"Streamflow, ft&#179;/s",ft3/s,2026-05-20T04:15:00.000-04:00,2990,P,5.75
01013500,00060,"Streamflow, ft&#179;/s",ft3/s,2026-05-20T04:30:00.000-04:00,2990,P,5.75
01013500,00060,"Streamflow, ft&#179;/s",ft3/s,2026-05-20T04:45:00.000-04:00,2990,P,5.75
01013500,00060,"Streamflow, ft&#179;/s",ft3/s,2026-05-20T05:00:00.000-04:00,2990,P,5.75
01013500,00060,"Streamflow, ft&#179;/s",ft3/s,2026-05-20T05:15:00.000-04:00,2990,P,5.75
01013500,00060,"Streamflow, ft&#179;/s",ft3/s,2026-05-20T05:30:00.000-04:00,2970,P,5.74
01013500,00060,"Streamflow, ft&#179;/s",ft3/s,2026-05-20T05:45:00.000-04:00,2990,P,5.75
01013500,00060,"Streamflow, ft&#179;/s",ft3/s,2026-05-20T06:00:00.000-04:00,2990,P,5.75
01013500,00060,"Streamflow, ft&#179;/s",ft3/s,2026-05-20T06:15:00.000-04:00,2970,P,5.74
01013500,00060,"Streamflow, ft&#179;/s",ft3/s,2026-05-20T06:30:00.000-04:00,2970,P,5.74
01013500,00060,"Streamflow, ft&#179;/s",ft3/s,2026-05-20T06:45:00.000-04:00,2970,P,5.74
01013500,00060,"Streamflow, ft&#179;/s",ft3/s,2026-05-20T07:00:00.000-04:00,2970,P,5.74
01013500,00060,"Streamflow, ft&#179;/s",ft3/s,2026-05-20T07:15:00.000-04:00,2970,P,5.74
01013500,00060,"Streamflow, ft&#179;/s",ft3/s,2026-05-20T07:30:00.000-04:00,2960,P,5.73
01013500,00060,"Streamflow, ft&#179;/s",ft3/s,2026-05-20T07:45:00.000-04:00,2970,P,5.74
01013500,00060,"Streamflow, ft&#179;/s",ft3/s,2026-05-20T08:00:00.000-04:00,2970,P,5.74
01013500,00060,"Streamflow, ft&#179;/s",ft3/s,2026-05-20T08:15:00.000-04:00,2970,P,5.74
01013500,00060,"Streamflow, ft&#179;/s",ft3/s,2026-05-20T08:30:00.000-04:00,2960,P,5.73
01013500,00060,"Streamflow, ft&#179;/s",ft3/s,2026-05-20T08:45:00.000-04:00,2960,P,5.73
01013500,00060,"Streamflow, ft&#179;/s",ft3/s,2026-05-20T09:00:00.000-04:00,2960,P,5.73
01013500,00060,"Streamflow, ft&#179;/s",ft3/s,2026-05-20T09:15:00.000-04:00,2960,P,5.73
01013500,00060,"Streamflow, ft&#179;/s",ft3/s,2026-05-20T09:30:00.000-04:00,2950,P,5.72
01013500,00060,"Streamflow, ft&#179;/s",ft3/s,2026-05-20T09:45:00.000-04:00,2950,P,5.72
01013500,00060,"Streamflow, ft&#179;/s",ft3/s,2026-05-20T10:00:00.000-04:00,2960,P,5.73
01013500,00060,"Streamflow, ft&#179;/s",ft3/s,2026-05-20T10:15:00.000-04:00,2950,P,5.72
01013500,00060,"Streamflow, ft&#179;/s",ft3/s,2026-05-20T10:30:00.000-04:00,2950,P,5.72
01013500,00060,"Streamflow, ft&#179;/s",ft3/s,2026-05-20T10:45:00.000-04:00,2960,P,5.73
01013500,00060,"Streamflow, ft&#179;/s",ft3/s,2026-05-20T11:00:00.000-04:00,2960,P,5.73
01013500,00060,"Streamflow, ft&#179;/s",ft3/s,2026-05-20T11:15:00.000-04:00,2950,P,5.72
01013500,00060,"Streamflow, ft&#179;/s",ft3/s,2026-05-20T11:30:00.000-04:00,2950,P,5.72
01013500,00060,"Streamflow, ft&#179;/s",ft3/s,2026-05-20T11:45:00.000-04:00,2930,P,5.71
01013500,00060,"Streamflow, ft&#179;/s",ft3/s,2026-05-20T12:00:00.000-04:00,2950,P,5.72
01013500,00060,"Streamflow, ft&#179;/s",ft3/s,2026-05-20T12:15:00.000-04:00,2950,P,5.72
01013500,00060,"Streamflow, ft&#179;/s",ft3/s,2026-05-20T12:30:00.000-04:00,2950,P,5.72
01013500,00060,"Streamflow, ft&#179;/s",ft3/s,2026-05-20T12:45:00.000-04:00,2950,P,5.72
01013500,00060,"Streamflow, ft&#179;/s",ft3/s,2026-05-20T13:00:00.000-04:00,2950,P,5.72
01013500,00060,"Streamflow, ft&#179;/s",ft3/s,2026-05-20T13:15:00.000-04:00,2920,P,5.7
01013500,00060,"Streamflow, ft&#179;/s",ft3/s,2026-05-20T13:30:00.000-04:00,2930,P,5.71
01013500,00060,"Streamflow, ft&#179;/s",ft3/s,2026-05-20T13:45:00.000-04:00,2920,P,5.7
01013500,00060,"Streamflow, ft&#179;/s",ft3/s,2026-05-20T14:00:00.000-04:00,2930,P,5.71
01013500,00060,"Streamflow, ft&#179;/s",ft3/s,2026-05-20T14:15:00.000-04:00,2920,P,5.7
01013500,00060,"Streamflow, ft&#179;/s",ft3/s,2026-05-20T14:30:00.000-04:00,2920,P,5.7
01013500,00060,"Streamflow, ft&#179;/s",ft3/s,2026-05-20T14:45:00.000-04:00,2900,P,5.69
01013500,00060,"Streamflow, ft&#179;/s",ft3/s,2026-05-20T15:00:00.000-04:00,2900,P,5.69
01013500,00060,"Streamflow, ft&#179;/s",ft3/s,2026-05-20T15:15:00.000-04:00,2920,P,5.7
01013500,00060,"Streamflow, ft&#179;/s",ft3/s,2026-05-20T15:30:00.000-04:00,2900,P,5.69
01013500,00060,"Streamflow, ft&#179;/s",ft3/s,2026-05-20T15:45:00.000-04:00,2900,P,5.69
01013500,00060,"Streamflow, ft&#179;/s",ft3/s,2026-05-20T16:00:00.000-04:00,2900,P,5.69
01013500,00060,"Streamflow, ft&#179;/s",ft3/s,2026-05-20T16:15:00.000-04:00,2890,P,5.68
01013500,00060,"Streamflow, ft&#179;/s",ft3/s,2026-05-20T16:30:00.000-04:00,2890,P,5.68
01013500,00060,"Streamflow, ft&#179;/s",ft3/s,2026-05-20T16:45:00.000-04:00,2870,P,5.67
01013500,00060,"Streamflow, ft&#179;/s",ft3/s,2026-05-20T17:00:00.000-04:00,2870,P,5.67
01013500,00060,"Streamflow, ft&#179;/s",ft3/s,2026-05-20T17:15:00.000-04:00,2860,P,5.66
01013500,00060,"Streamflow, ft&#179;/s",ft3/s,2026-05-20T17:30:00.000-04:00,2860,P,5.66
01013500,00060,"Streamflow, ft&#179;/s",ft3/s,2026-05-20T17:45:00.000-04:00,2870,P,5.67
01013500,00060,"Streamflow, ft&#179;/s",ft3/s,2026-05-20T18:00:00.000-04:00,2840,P,5.65
01013500,00060,"Streamflow, ft&#179;/s",ft3/s,2026-05-20T18:15:00.000-04:00,2840,P,5.65
01013500,00060,"Streamflow, ft&#179;/s",ft3/s,2026-05-20T18:30:00.000-04:00,2840,P,5.65
01013500,00060,"Streamflow, ft&#179;/s",ft3/s,2026-05-20T18:45:00.000-04:00,2830,P,5.64
01013500,00060,"Streamflow, ft&#179;/s",ft3/s,2026-05-20T19:00:00.000-04:00,2830,P,5.64
01013500,00060,"Streamflow, ft&#179;/s",ft3/s,2026-05-20T19:15:00.000-04:00,2830,P,5.64
01013500,00060,"Streamflow, ft&#179;/s",ft3/s,2026-05-20T19:30:00.000-04:00,2810,P,5.63
01013500,00060,"Streamflow, ft&#179;/s",ft3/s,2026-05-20T19:45:00.000-04:00,2800,P,5.62
01013500,00060,"Streamflow, ft&#179;/s",ft3/s,2026-05-20T20:00:00.000-04:00,2800,P,5.62
01013500,00060,"Streamflow, ft&#179;/s",ft3/s,2026-05-20T20:15:00.000-04:00,2800,P,5.62
01013500,00060,"Streamflow, ft&#179;/s",ft3/s,2026-05-20T20:30:00.000-04:00,2800,P,5.62
01013500,00060,"Streamflow, ft&#179;/s",ft3/s,2026-05-20T20:45:00.000-04:00,2800,P,5.62
01013500,00060,"Streamflow, ft&#179;/s",ft3/s,2026-05-20T21:00:00.000-04:00,2800,P,5.62
01013500,00060,"Streamflow, ft&#179;/s",ft3/s,2026-05-20T21:15:00.000-04:00,2800,P,5.62
01013500,00060,"Streamflow, ft&#179;/s",ft3/s,2026-05-20T21:30:00.000-04:00,2800,P,5.62
01013500,00060,"Streamflow, ft&#179;/s",ft3/s,2026-05-20T21:45:00.000-04:00,2790,P,5.61
01013500,00060,"Streamflow, ft&#179;/s",ft3/s,2026-05-20T22:00:00.000-04:00,2790,P,5.61
01013500,00060,"Streamflow, ft&#179;/s",ft3/s,2026-05-20T22:15:00.000-04:00,2790,P,5.61
01013500,00060,"Streamflow, ft&#179;/s",ft3/s,2026-05-20T22:30:00.000-04:00,2790,P,5.61
01013500,00060,"Streamflow, ft&#179;/s",ft3/s,2026-05-20T22:45:00.000-04:00,2790,P,5.61
01013500,00060,"Streamflow, ft&#179;/s",ft3/s,2026-05-20T23:00:00.000-04:00,2790,P,5.61
01013500,00060,"Streamflow, ft&#179;/s",ft3/s,2026-05-20T23:15:00.000-04:00,2790,P,5.61
01013500,00060,"Streamflow, ft&#179;/s",ft3/s,2026-05-20T23:30:00.000-04:00,2770,P,5.6
01013500,00060,"Streamflow, ft&#179;/s",ft3/s,2026-05-20T23:45:00.000-04:00,2790,P,5.61
01013500,00060,"Streamflow, ft&#179;/s",ft3/s,2026-05-21T00:00:00.000-04:00,2790,P,5.61
01013500,00060,"Streamflow, ft&#179;/s",ft3/s,2026-05-21T00:15:00.000-04:00,2790,P,5.61
01013500,00060,"Streamflow, ft&#179;/s",ft3/s,2026-05-21T00:30:00.000-04:00,2770,P,5.6
01013500,00060,"Streamflow, ft&#179;/s",ft3/s,2026-05-21T00:45:00.000-04:00,2790,P,5.61
01013500,00060,"Streamflow, ft&#179;/s",ft3/s,2026-05-21T01:00:00.000-04:00,2770,P,5.6
01013500,00060,"Streamflow, ft&#179;/s",ft3/s,2026-05-21T01:15:00.000-04:00,2790,P,5.61
01013500,00060,"Streamflow, ft&#179;/s",ft3/s,2026-05-21T01:30:00.000-04:00,2770,P,5.6
01013500,00060,"Streamflow, ft&#179;/s",ft3/s,2026-05-21T01:45:00.000-04:00,2770,P,5.6
01013500,00060,"Streamflow, ft&#179;/s",ft3/s,2026-05-21T02:00:00.000-04:00,2760,P,5.59
01013500,00060,"Streamflow, ft&#179;/s",ft3/s,2026-05-21T02:15:00.000-04:00,2760,P,5.59
01013500,00060,"Streamflow, ft&#179;/s",ft3/s,2026-05-21T02:30:00.000-04:00,2760,P,5.59
01013500,00060,"Streamflow, ft&#179;/s",ft3/s,2026-05-21T02:45:00.000-04:00,2760,P,5.59
01013500,00060,"Streamflow, ft&#179;/s",ft3/s,2026-05-21T03:00:00.000-04:00,2740,P,5.58
01013500,00060,"Streamflow, ft&#179;/s",ft3/s,2026-05-21T03:15:00.000-04:00,2740,P,5.58
01013500,00060,"Streamflow, ft&#179;/s",ft3/s,2026-05-21T03:30:00.000-04:00,2740,P,5.58
01013500,00060,"Streamflow, ft&#179;/s",ft3/s,2026-05-21T03:45:00.000-04:00,2740,P,5.58
01013500,00060,"Streamflow, ft&#179;/s",ft3/s,2026-05-21T04:00:00.000-04:00,2740,P,5.58
01013500,00060,"Streamflow, ft&#179;/s",ft3/s,2026-05-21T04:15:00.000-04:00,2730,P,5.57
01013500,00060,"Streamflow, ft&#179;/s",ft3/s,2026-05-21T04:30:00.000-04:00,2710,P,5.56
01013500,00060,"Streamflow, ft&#179;/s",ft3/s,2026-05-21T04:45:00.000-04:00,2730,P,5.57
01013500,00060,"Streamflow, ft&#179;/s",ft3/s,2026-05-21T05:00:00.000-04:00,2710,P,5.56
01013500,00060,"Streamflow, ft&#179;/s",ft3/s,2026-05-21T05:15:00.000-04:00,2730,P,5.57
01013500,00060,"Streamflow, ft&#179;/s",ft3/s,2026-05-21T05:30:00.000-04:00,2710,P,5.56
01013500,00060,"Streamflow, ft&#179;/s",ft3/s,2026-05-21T05:45:00.000-04:00,2710,P,5.56
01013500,00060,"Streamflow, ft&#179;/s",ft3/s,2026-05-21T06:00:00.000-04:00,2710,P,5.56
01013500,00060,"Streamflow, ft&#179;/s",ft3/s,2026-05-21T06:15:00.000-04:00,2710,P,5.56
01013500,00060,"Streamflow, ft&#179;/s",ft3/s,2026-05-21T06:30:00.000-04:00,2710,P,5.56
01013500,00060,"Streamflow, ft&#179;/s",ft3/s,2026-05-21T06:45:00.000-04:00,2710,P,5.56
01013500,00060,"Streamflow, ft&#179;/s",ft3/s,2026-05-21T07:00:00.000-04:00,2730,P,5.57
01013500,00060,"Streamflow, ft&#179;/s",ft3/s,2026-05-21T07:15:00.000-04:00,2710,P,5.56
01013500,00060,"Streamflow, ft&#179;/s",ft3/s,2026-05-21T07:30:00.000-04:00,2710,P,5.56
01013500,00060,"Streamflow, ft&#179;/s",ft3/s,2026-05-21T07:45:00.000-04:00,2710,P,5.56
01013500,00060,"Streamflow, ft&#179;/s",ft3/s,2026-05-21T08:00:00.000-04:00,2710,P,5.56
01013500,00060,"Streamflow, ft&#179;/s",ft3/s,2026-05-21T08:15:00.000-04:00,2730,P,5.57
01013500,00060,"Streamflow, ft&#179;/s",ft3/s,2026-05-21T08:30:00.000-04:00,2710,P,5.56
01013500,00060,"Streamflow, ft&#179;/s",ft3/s,2026-05-21T08:45:00.000-04:00,2710,P,5.56
01013500,00060,"Streamflow, ft&#179;/s",ft3/s,2026-05-21T09:00:00.000-04:00,2710,P,5.56
01013500,00060,"Streamflow, ft&#179;/s",ft3/s,2026-05-21T09:15:00.000-04:00,2700,P,5.55
01013500,00060,"Streamflow, ft&#179;/s",ft3/s,2026-05-21T09:30:00.000-04:00,2710,P,5.56
01013500,00060,"Streamflow, ft&#179;/s",ft3/s,2026-05-21T09:45:00.000-04:00,2700,P,5.55
01013500,00060,"Streamflow, ft&#179;/s",ft3/s,2026-05-21T10:00:00.000-04:00,2700,P,5.55
01013500,00060,"Streamflow, ft&#179;/s",ft3/s,2026-05-21T10:15:00.000-04:00,2690,P,5.54
01013500,00060,"Streamflow, ft&#179;/s",ft3/s,2026-05-21T10:30:00.000-04:00,2700,P,5.55
01013500,00060,"Streamflow, ft&#179;/s",ft3/s,2026-05-21T10:45:00.000-04:00,2700,P,5.55
01013500,00060,"Streamflow, ft&#179;/s",ft3/s,2026-05-21T11:00:00.000-04:00,2690,P,5.54
01013500,00060,"Streamflow, ft&#179;/s",ft3/s,2026-05-21T11:15:00.000-04:00,2690,P,5.54
01013500,00060,"Streamflow, ft&#179;/s",ft3/s,2026-05-21T11:30:00.000-04:00,2700,P,5.55
01013500,00060,"Streamflow, ft&#179;/s",ft3/s,2026-05-21T11:45:00.000-04:00,2700,P,5.55
01013500,00060,"Streamflow, ft&#179;/s",ft3/s,2026-05-21T12:00:00.000-04:00,2690,P,5.54
01013500,00060,"Streamflow, ft&#179;/s",ft3/s,2026-05-21T12:15:00.000-04:00,2690,P,5.54
01013500,00060,"Streamflow, ft&#179;/s",ft3/s,2026-05-21T12:30:00.000-04:00,2670,P,5.53
01013500,00060,"Streamflow, ft&#179;/s",ft3/s,2026-05-21T12:45:00.000-04:00,2690,P,5.54
01013500,00060,"Streamflow, ft&#179;/s",ft3/s,2026-05-21T13:00:00.000-04:00,2670,P,5.53
01013500,00060,"Streamflow, ft&#179;/s",ft3/s,2026-05-21T13:15:00.000-04:00,2670,P,5.53
01013500,00060,"Streamflow, ft&#179;/s",ft3/s,2026-05-21T13:30:00.000-04:00,2670,P,5.53
01013500,00060,"Streamflow, ft&#179;/s",ft3/s,2026-05-21T13:45:00.000-04:00,2660,P,5.52
01013500,00060,"Streamflow, ft&#179;/s",ft3/s,2026-05-21T14:00:00.000-04:00,2660,P,5.52
01013500,00060,"Streamflow, ft&#179;/s",ft3/s,2026-05-21T14:15:00.000-04:00,2670,P,5.53
01013500,00060,"Streamflow, ft&#179;/s",ft3/s,2026-05-21T14:30:00.000-04:00,2660,P,5.52
01013500,00060,"Streamflow, ft&#179;/s",ft3/s,2026-05-21T14:45:00.000-04:00,2660,P,5.52
01013500,00060,"Streamflow, ft&#179;/s",ft3/s,2026-05-21T15:00:00.000-04:00,2660,P,5.52
01013500,00060,"Streamflow, ft&#179;/s",ft3/s,2026-05-21T15:15:00.000-04:00,2660,P,5.52
01013500,00060,"Streamflow, ft&#179;/s",ft3/s,2026-05-21T15:30:00.000-04:00,2660,P,5.52
01013500,00060,"Streamflow, ft&#179;/s",ft3/s,2026-05-21T15:45:00.000-04:00,2660,P,5.52
01013500,00060,"Streamflow, ft&#179;/s",ft3/s,2026-05-21T16:00:00.000-04:00,2640,P,5.51
01013500,00060,"Streamflow, ft&#179;/s",ft3/s,2026-05-21T16:15:00.000-04:00,2640,P,5.51
01013500,00060,"Streamflow, ft&#179;/s",ft3/s,2026-05-21T16:30:00.000-04:00,2640,P,5.51
01013500,00060,"Streamflow, ft&#179;/s",ft3/s,2026-05-21T16:45:00.000-04:00,2640,P,5.51
01013500,00060,"Streamflow, ft&#179;/s",ft3/s,2026-05-21T17:00:00.000-04:00,2630,P,5.5
01013500,00060,"Streamflow, ft&#179;/s",ft3/s,2026-05-21T17:15:00.000-04:00,2620,P,5.49
01013500,00060,"Streamflow, ft&#179;/s",ft3/s,2026-05-21T17:30:00.000-04:00,2630,P,5.5
01013500,00060,"Streamflow, ft&#179;/s",ft3/s,2026-05-21T17:45:00.000-04:00,2620,P,5.49
01013500,00060,"Streamflow, ft&#179;/s",ft3/s,2026-05-21T18:00:00.000-04:00,2620,P,5.49
01013500,00060,"Streamflow, ft&#179;/s",ft3/s,2026-05-21T18:15:00.000-04:00,2630,P,5.5
01013500,00060,"Streamflow, ft&#179;/s",ft3/s,2026-05-21T18:30:00.000-04:00,2620,P,5.49
01013500,00060,"Streamflow, ft&#179;/s",ft3/s,2026-05-21T18:45:00.000-04:00,2620,P,5.49
01013500,00060,"Streamflow, ft&#179;/s",ft3/s,2026-05-21T19:00:00.000-04:00,2600,P,5.48
01013500,00060,"Streamflow, ft&#179;/s",ft3/s,2026-05-21T19:15:00.000-04:00,2600,P,5.48
01013500,00060,"Streamflow, ft&#179;/s",ft3/s,2026-05-21T19:30:00.000-04:00,2600,P,5.48
01013500,00060,"Streamflow, ft&#179;/s",ft3/s,2026-05-21T19:45:00.000-04:00,2600,P,5.48
01013500,00060,"Streamflow, ft&#179;/s",ft3/s,2026-05-21T20:00:00.000-04:00,2600,P,5.48
01013500,00060,"Streamflow, ft&#179;/s",ft3/s,2026-05-21T20:15:00.000-04:00,2600,P,5.48
01013500,00060,"Streamflow, ft&#179;/s",ft3/s,2026-05-21T20:30:00.000-04:00,2590,P,5.47
01013500,00060,"Streamflow, ft&#179;/s",ft3/s,2026-05-21T20:45:00.000-04:00,2600,P,5.48
01013500,00060,"Streamflow, ft&#179;/s",ft3/s,2026-05-21T21:00:00.000-04:00,2570,P,5.46
01013500,00060,"Streamflow, ft&#179;/s",ft3/s,2026-05-21T21:15:00.000-04:00,2570,P,5.46
01013500,00060,"Streamflow, ft&#179;/s",ft3/s,2026-05-21T21:30:00.000-04:00,2590,P,5.47
01013500,00060,"Streamflow, ft&#179;/s",ft3/s,2026-05-21T21:45:00.000-04:00,2590,P,5.47
01013500,00060,"Streamflow, ft&#179;/s",ft3/s,2026-05-21T22:00:00.000-04:00,2590,P,5.47
01013500,00060,"Streamflow, ft&#179;/s",ft3/s,2026-05-21T22:15:00.000-04:00,2590,P,5.47
01013500,00060,"Streamflow, ft&#179;/s",ft3/s,2026-05-21T22:30:00.000-04:00,2590,P,5.47
01013500,00060,"Streamflow, ft&#179;/s",ft3/s,2026-05-21T22:45:00.000-04:00,2590,P,5.47
01013500,00060,"Streamflow, ft&#179;/s",ft3/s,2026-05-21T23:00:00.000-04:00,2570,P,5.46
01013500,00060,"Streamflow, ft&#179;/s",ft3/s,2026-05-21T23:15:00.000-04:00,2570,P,5.46
01013500,00060,"Streamflow, ft&#179;/s",ft3/s,2026-05-21T23:30:00.000-04:00,2570,P,5.46
01013500,00060,"Streamflow, ft&#179;/s",ft3/s,2026-05-21T23:45:00.000-04:00,2570,P,5.46
01013500,00060,"Streamflow, ft&#179;/s",ft3/s,2026-05-22T00:00:00.000-04:00,2570,P,5.46
01013500,00060,"Streamflow, ft&#179;/s",ft3/s,2026-05-22T00:15:00.000-04:00,2570,P,5.46
01013500,00060,"Streamflow, ft&#179;/s",ft3/s,2026-05-22T00:30:00.000-04:00,2570,P,5.46
01013500,00060,"Streamflow, ft&#179;/s",ft3/s,2026-05-22T00:45:00.000-04:00,2570,P,5.46
01013500,00060,"Streamflow, ft&#179;/s",ft3/s,2026-05-22T01:00:00.000-04:00,2570,P,5.46
01013500,00060,"Streamflow, ft&#179;/s",ft3/s,2026-05-22T01:15:00.000-04:00,2560,P,5.45
01013500,00060,"Streamflow, ft&#179;/s",ft3/s,2026-05-22T01:30:00.000-04:00,2570,P,5.46
01013500,00060,"Streamflow, ft&#179;/s",ft3/s,2026-05-22T01:45:00.000-04:00,2570,P,5.46
01013500,00060,"Streamflow, ft&#179;/s",ft3/s,2026-05-22T02:00:00.000-04:00,2560,P,5.45
01013500,00060,"Streamflow, ft&#179;/s",ft3/s,2026-05-22T02:15:00.000-04:00,2560,P,5.45
01013500,00060,"Streamflow, ft&#179;/s",ft3/s,2026-05-22T02:30:00.000-04:00,2560,P,5.45
01013500,00060,"Streamflow, ft&#179;/s",ft3/s,2026-05-22T02:45:00.000-04:00,2560,P,5.45
01013500,00060,"Streamflow, ft&#179;/s",ft3/s,2026-05-22T03:00:00.000-04:00,2560,P,5.45
01013500,00060,"Streamflow, ft&#179;/s",ft3/s,2026-05-22T03:15:00.000-04:00,2560,P,5.45
01013500,00060,"Streamflow, ft&#179;/s",ft3/s,2026-05-22T03:30:00.000-04:00,2550,P,5.44
01013500,00060,"Streamflow, ft&#179;/s",ft3/s,2026-05-22T03:45:00.000-04:00,2550,P,5.44
01013500,00060,"Streamflow, ft&#179;/s",ft3/s,2026-05-22T04:00:00.000-04:00,2550,P,5.44
01013500,00060,"Streamflow, ft&#179;/s",ft3/s,2026-05-22T04:15:00.000-04:00,2530,P,5.43
01013500,00060,"Streamflow, ft&#179;/s",ft3/s,2026-05-22T04:30:00.000-04:00,2550,P,5.44
01013500,00060,"Streamflow, ft&#179;/s",ft3/s,2026-05-22T04:45:00.000-04:00,2530,P,5.43
01013500,00060,"Streamflow, ft&#179;/s",ft3/s,2026-05-22T05:00:00.000-04:00,2530,P,5.43
01013500,00060,"Streamflow, ft&#179;/s",ft3/s,2026-05-22T05:15:00.000-04:00,2530,P,5.43
01013500,00060,"Streamflow, ft&#179;/s",ft3/s,2026-05-22T05:30:00.000-04:00,2530,P,5.43
01013500,00060,"Streamflow, ft&#179;/s",ft3/s,2026-05-22T05:45:00.000-04:00,2530,P,5.43
01013500,00060,"Streamflow, ft&#179;/s",ft3/s,2026-05-22T06:00:00.000-04:00,2530,P,5.43
01013500,00060,"Streamflow, ft&#179;/s",ft3/s,2026-05-22T06:15:00.000-04:00,2520,P,5.42
01013500,00060,"Streamflow, ft&#179;/s",ft3/s,2026-05-22T06:30:00.000-04:00,2530,P,5.43
01013500,00060,"Streamflow, ft&#179;/s",ft3/s,2026-05-22T06:45:00.000-04:00,2530,P,5.43
01013500,00060,"Streamflow, ft&#179;/s",ft3/s,2026-05-22T07:00:00.000-04:00,2520,P,5.42
01013500,00060,"Streamflow, ft&#179;/s",ft3/s,2026-05-22T07:15:00.000-04:00,2500,P,5.41
01013500,00060,"Streamflow, ft&#179;/s",ft3/s,2026-05-22T07:30:00.000-04:00,2500,P,5.41
01013500,00060,"Streamflow, ft&#179;/s",ft3/s,2026-05-22T07:45:00.000-04:00,2520,P,5.42
01013500,00060,"Streamflow, ft&#179;/s",ft3/s,2026-05-22T08:00:00.000-04:00,2520,P,5.42
01013500,00060,"Streamflow, ft&#179;/s",ft3/s,2026-05-22T08:15:00.000-04:00,2520,P,5.42
01013500,00060,"Streamflow, ft&#179;/s",ft3/s,2026-05-22T08:30:00.000-04:00,2520,P,5.42
01013500,00060,"Streamflow, ft&#179;/s",ft3/s,2026-05-22T08:45:00.000-04:00,2520,P,5.42
01013500,00060,"Streamflow, ft&#179;/s",ft3/s,2026-05-22T09:00:00.000-04:00,2520,P,5.42
01013500,00060,"Streamflow, ft&#179;/s",ft3/s,2026-05-22T09:15:00.000-04:00,2520,P,5.42
01013500,00060,"Streamflow, ft&#179;/s",ft3/s,2026-05-22T09:30:00.000-04:00,2520,P,5.42
01013500,00060,"Streamflow, ft&#179;/s",ft3/s,2026-05-22T09:45:00.000-04:00,2520,P,5.42
01013500,00060,"Streamflow, ft&#179;/s",ft3/s,2026-05-22T10:00:00.000-04:00,2500,P,5.41
01013500,00060,"Streamflow, ft&#179;/s",ft3/s,2026-05-22T10:15:00.000-04:00,2500,P,5.41
01013500,00060,"Streamflow, ft&#179;/s",ft3/s,2026-05-22T10:30:00.000-04:00,2490,P,5.4
01013500,00060,"Streamflow, ft&#179;/s",ft3/s,2026-05-22T10:45:00.000-04:00,2500,P,5.41
01013500,00060,"Streamflow, ft&#179;/s",ft3/s,2026-05-22T11:00:00.000-04:00,2500,P,5.41
01013500,00060,"Streamflow, ft&#179;/s",ft3/s,2026-05-22T11:15:00.000-04:00,2500,P,5.41
01013500,00060,"Streamflow, ft&#179;/s",ft3/s,2026-05-22T11:30:00.000-04:00,2500,P,5.41
01013500,00060,"Streamflow, ft&#179;/s",ft3/s,2026-05-22T11:45:00.000-04:00,2490,P,5.4
01013500,00060,"Streamflow, ft&#179;/s",ft3/s,2026-05-22T12:00:00.000-04:00,2490,P,5.4
01013500,00060,"Streamflow, ft&#179;/s",ft3/s,2026-05-22T12:15:00.000-04:00,2490,P,5.4
01013500,00060,"Streamflow, ft&#179;/s",ft3/s,2026-05-22T12:30:00.000-04:00,2490,P,5.4
01013500,00060,"Streamflow, ft&#179;/s",ft3/s,2026-05-22T12:45:00.000-04:00,2480,P,5.39
01013500,00060,"Streamflow, ft&#179;/s",ft3/s,2026-05-22T13:00:00.000-04:00,2460,P,5.38
01013500,00060,"Streamflow, ft&#179;/s",ft3/s,2026-05-22T13:15:00.000-04:00,2480,P,5.39
01013500,00060,"Streamflow, ft&#179;/s",ft3/s,2026-05-22T13:30:00.000-04:00,2460,P,5.38
01013500,00060,"Streamflow, ft&#179;/s",ft3/s,2026-05-22T13:45:00.000-04:00,2460,P,5.38
01013500,00060,"Streamflow, ft&#179;/s",ft3/s,2026-05-22T14:00:00.000-04:00,2460,P,5.38
01013500,00060,"Streamflow, ft&#179;/s",ft3/s,2026-05-22T14:15:00.000-04:00,2460,P,5.38
01013500,00060,"Streamflow, ft&#179;/s",ft3/s,2026-05-22T14:30:00.000-04:00,2450,P,5.37
01013500,00060,"Streamflow, ft&#179;/s",ft3/s,2026-05-22T14:45:00.000-04:00,2450,P,5.37
01013500,00060,"Streamflow, ft&#179;/s",ft3/s,2026-05-22T15:00:00.000-04:00,2450,P,5.37
01013500,00060,"Streamflow, ft&#179;/s",ft3/s,2026-05-22T15:15:00.000-04:00,2430,P,5.36
01013500,00060,"Streamflow, ft&#179;/s",ft3/s,2026-05-22T15:30:00.000-04:00,2430,P,5.36
01013500,00060,"Streamflow, ft&#179;/s",ft3/s,2026-05-22T15:45:00.000-04:00,2430,P,5.36
01013500,00060,"Streamflow, ft&#179;/s",ft3/s,2026-05-22T16:00:00.000-04:00,2430,P,5.36
01013500,00060,"Streamflow, ft&#179;/s",ft3/s,2026-05-22T16:15:00.000-04:00,2420,P,5.35
01013500,00060,"Streamflow, ft&#179;/s",ft3/s,2026-05-22T16:30:00.000-04:00,2420,P,5.35
01013500,00060,"Streamflow, ft&#179;/s",ft3/s,2026-05-22T16:45:00.000-04:00,2420,P,5.35
01013500,00060,"Streamflow, ft&#179;/s",ft3/s,2026-05-22T17:00:00.000-04:00,2420,P,5.35
01013500,00060,"Streamflow, ft&#179;/s",ft3/s,2026-05-22T17:15:00.000-04:00,2410,P,5.34
01013500,00060,"Streamflow, ft&#179;/s",ft3/s,2026-05-22T17:30:00.000-04:00,2390,P,5.33
01013500,00060,"Streamflow, ft&#179;/s",ft3/s,2026-05-22T17:45:00.000-04:00,2390,P,5.33
01013500,00060,"Streamflow, ft&#179;/s",ft3/s,2026-05-22T18:00:00.000-04:00,2390,P,5.33
01013500,00060,"Streamflow, ft&#179;/s",ft3/s,2026-05-22T18:15:00.000-04:00,2390,P,5.33
01013500,00060,"Streamflow, ft&#179;/s",ft3/s,2026-05-22T18:30:00.000-04:00,2390,P,5.33
01013500,00060,"Streamflow, ft&#179;/s",ft3/s,2026-05-22T18:45:00.000-04:00,2390,P,5.33
01013500,00060,"Streamflow, ft&#179;/s",ft3/s,2026-05-22T19:00:00.000-04:00,2380,P,5.32
01013500,00060,"Streamflow, ft&#179;/s",ft3/s,2026-05-22T19:15:00.000-04:00,2380,P,5.32
01013500,00060,"Streamflow, ft&#179;/s",ft3/s,2026-05-22T19:30:00.000-04:00,2390,P,5.33
01013500,00060,"Streamflow, ft&#179;/s",ft3/s,2026-05-22T19:45:00.000-04:00,2380,P,5.32
01013500,00060,"Streamflow, ft&#179;/s",ft3/s,2026-05-22T20:00:00.000-04:00,2380,P,5.32
01013500,00060,"Streamflow, ft&#179;/s",ft3/s,2026-05-22T20:15:00.000-04:00,2380,P,5.32
01013500,00060,"Streamflow, ft&#179;/s",ft3/s,2026-05-22T20:30:00.000-04:00,2380,P,5.32
01013500,00060,"Streamflow, ft&#179;/s",ft3/s,2026-05-22T20:45:00.000-04:00,2380,P,5.32
01013500,00060,"Streamflow, ft&#179;/s",ft3/s,2026-05-22T21:00:00.000-04:00,2390,P,5.33
01013500,00060,"Streamflow, ft&#179;/s",ft3/s,2026-05-22T21:15:00.000-04:00,2370,P,5.31
01013500,00060,"Streamflow, ft&#179;/s",ft3/s,2026-05-22T21:30:00.000-04:00,2380,P,5.32
01013500,00060,"Streamflow, ft&#179;/s",ft3/s,2026-05-22T21:45:00.000-04:00,2380,P,5.32
01013500,00060,"Streamflow, ft&#179;/s",ft3/s,2026-05-22T22:00:00.000-04:00,2380,P,5.32
01013500,00060,"Streamflow, ft&#179;/s",ft3/s,2026-05-22T22:15:00.000-04:00,2380,P,5.32
01013500,00060,"Streamflow, ft&#179;/s",ft3/s,2026-05-22T22:30:00.000-04:00,2380,P,5.32
01013500,00060,"Streamflow, ft&#179;/s",ft3/s,2026-05-22T22:45:00.000-04:00,2380,P,5.32
01013500,00060,"Streamflow, ft&#179;/s",ft3/s,2026-05-22T23:00:00.000-04:00,2370,P,5.31
01013500,00060,"Streamflow, ft&#179;/s",ft3/s,2026-05-22T23:15:00.000-04:00,2370,P,5.31
01013500,00060,"Streamflow, ft&#179;/s",ft3/s,2026-05-22T23:30:00.000-04:00,2370,P,5.31
01013500,00060,"Streamflow, ft&#179;/s",ft3/s,2026-05-22T23:45:00.000-04:00,2370,P,5.31
01013500,00060,"Streamflow, ft&#179;/s",ft3/s,2026-05-23T00:00:00.000-04:00,2370,P,5.31
01013500,00060,"Streamflow, ft&#179;/s",ft3/s,2026-05-23T00:15:00.000-04:00,2370,P,5.31
01013500,00060,"Streamflow, ft&#179;/s",ft3/s,2026-05-23T00:30:00.000-04:00,2370,P,5.31
01013500,00060,"Streamflow, ft&#179;/s",ft3/s,2026-05-23T00:45:00.000-04:00,2370,P,5.31
01013500,00060,"Streamflow, ft&#179;/s",ft3/s,2026-05-23T01:00:00.000-04:00,2370,P,5.31
01013500,00060,"Streamflow, ft&#179;/s",ft3/s,2026-05-23T01:15:00.000-04:00,2350,P,5.3
01013500,00060,"Streamflow, ft&#179;/s",ft3/s,2026-05-23T01:30:00.000-04:00,2370,P,5.31
01013500,00060,"Streamflow, ft&#179;/s",ft3/s,2026-05-23T01:45:00.000-04:00,2370,P,5.31
01013500,00060,"Streamflow, ft&#179;/s",ft3/s,2026-05-23T02:00:00.000-04:00,2350,P,5.3
01013500,00060,"Streamflow, ft&#179;/s",ft3/s,2026-05-23T02:15:00.000-04:00,2350,P,5.3
01013500,00060,"Streamflow, ft&#179;/s",ft3/s,2026-05-23T02:30:00.000-04:00,2350,P,5.3
01013500,00060,"Streamflow, ft&#179;/s",ft3/s,2026-05-23T02:45:00.000-04:00,2350,P,5.3
01013500,00060,"Streamflow, ft&#179;/s",ft3/s,2026-05-23T03:00:00.000-04:00,2350,P,5.3
01013500,00060,"Streamflow, ft&#179;/s",ft3/s,2026-05-23T03:15:00.000-04:00,2340,P,5.29
01013500,00060,"Streamflow, ft&#179;/s",ft3/s,2026-05-23T03:30:00.000-04:00,2340,P,5.29
01013500,00060,"Streamflow, ft&#179;/s",ft3/s,2026-05-23T03:45:00.000-04:00,2340,P,5.29
01013500,00060,"Streamflow, ft&#179;/s",ft3/s,2026-05-23T04:00:00.000-04:00,2340,P,5.29
01013500,00060,"Streamflow, ft&#179;/s",ft3/s,2026-05-23T04:15:00.000-04:00,2340,P,5.29
01013500,00060,"Streamflow, ft&#179;/s",ft3/s,2026-05-23T04:30:00.000-04:00,2330,P,5.28
01013500,00060,"Streamflow, ft&#179;/s",ft3/s,2026-05-23T04:45:00.000-04:00,2330,P,5.28
01013500,00060,"Streamflow, ft&#179;/s",ft3/s,2026-05-23T05:00:00.000-04:00,2330,P,5.28
01013500,00060,"Streamflow, ft&#179;/s",ft3/s,2026-05-23T05:15:00.000-04:00,2310,P,5.27
01013500,00060,"Streamflow, ft&#179;/s",ft3/s,2026-05-23T05:30:00.000-04:00,2330,P,5.28
01013500,00060,"Streamflow, ft&#179;/s",ft3/s,2026-05-23T05:45:00.000-04:00,2310,P,5.27
01013500,00060,"Streamflow, ft&#179;/s",ft3/s,2026-05-23T06:00:00.000-04:00,2310,P,5.27
01013500,00060,"Streamflow, ft&#179;/s",ft3/s,2026-05-23T06:15:00.000-04:00,2310,P,5.27
01013500,00060,"Streamflow, ft&#179;/s",ft3/s,2026-05-23T06:30:00.000-04:00,2310,P,5.27
01013500,00060,"Streamflow, ft&#179;/s",ft3/s,2026-05-23T06:45:00.000-04:00,2310,P,5.27
01013500,00060,"Streamflow, ft&#179;/s",ft3/s,2026-05-23T07:00:00.000-04:00,2310,P,5.27
01013500,00060,"Streamflow, ft&#179;/s",ft3/s,2026-05-23T07:15:00.000-04:00,2310,P,5.27
01013500,00060,"Streamflow, ft&#179;/s",ft3/s,2026-05-23T07:30:00.000-04:00,2310,P,5.27
01013500,00060,"Streamflow, ft&#179;/s",ft3/s,2026-05-23T07:45:00.000-04:00,2310,P,5.27
01013500,00060,"Streamflow, ft&#179;/s",ft3/s,2026-05-23T08:00:00.000-04:00,2300,P,5.26
01013500,00060,"Streamflow, ft&#179;/s",ft3/s,2026-05-23T08:15:00.000-04:00,2300,P,5.26
01013500,00060,"Streamflow, ft&#179;/s",ft3/s,2026-05-23T08:30:00.000-04:00,2310,P,5.27
01013500,00060,"Streamflow, ft&#179;/s",ft3/s,2026-05-23T08:45:00.000-04:00,2300,P,5.26
01013500,00060,"Streamflow, ft&#179;/s",ft3/s,2026-05-23T09:00:00.000-04:00,2300,P,5.26
01013500,00060,"Streamflow, ft&#179;/s",ft3/s,2026-05-23T09:15:00.000-04:00,2310,P,5.27
01013500,00060,"Streamflow, ft&#179;/s",ft3/s,2026-05-23T09:30:00.000-04:00,2300,P,5.26
01013500,00060,"Streamflow, ft&#179;/s",ft3/s,2026-05-23T09:45:00.000-04:00,2310,P,5.27
01013500,00060,"Streamflow, ft&#179;/s",ft3/s,2026-05-23T10:00:00.000-04:00,2300,P,5.26
01013500,00060,"Streamflow, ft&#179;/s",ft3/s,2026-05-23T10:15:00.000-04:00,2300,P,5.26
01013500,00060,"Streamflow, ft&#179;/s",ft3/s,2026-05-23T10:30:00.000-04:00,2310,P,5.27
01013500,00060,"Streamflow, ft&#179;/s",ft3/s,2026-05-23T10:45:00.000-04:00,2300,P,5.26
01013500,00060,"Streamflow, ft&#179;/s",ft3/s,2026-05-23T11:00:00.000-04:00,2300,P,5.26
01013500,00060,"Streamflow, ft&#179;/s",ft3/s,2026-05-23T11:15:00.000-04:00,2310,P,5.27
01013500,00060,"Streamflow, ft&#179;/s",ft3/s,2026-05-23T11:30:00.000-04:00,2300,P,5.26
01013500,00060,"Streamflow, ft&#179;/s",ft3/s,2026-05-23T11:45:00.000-04:00,2300,P,5.26
01013500,00060,"Streamflow, ft&#179;/s",ft3/s,2026-05-23T12:00:00.000-04:00,2300,P,5.26
01013500,00060,"Streamflow, ft&#179;/s",ft3/s,2026-05-23T12:15:00.000-04:00,2300,P,5.26
01013500,00060,"Streamflow, ft&#179;/s",ft3/s,2026-05-23T12:30:00.000-04:00,2300,P,5.26
01013500,00060,"Streamflow, ft&#179;/s",ft3/s,2026-05-23T12:45:00.000-04:00,2290,P,5.25
01013500,00060,"Streamflow, ft&#179;/s",ft3/s,2026-05-23T13:00:00.000-04:00,2290,P,5.25
01013500,00060,"Streamflow, ft&#179;/s",ft3/s,2026-05-23T13:15:00.000-04:00,2300,P,5.26
01013500,00060,"Streamflow, ft&#179;/s",ft3/s,2026-05-23T13:30:00.000-04:00,2290,P,5.25
01013500,00060,"Streamflow, ft&#179;/s",ft3/s,2026-05-23T13:45:00.000-04:00,2290,P,5.25
01013500,00060,"Streamflow, ft&#179;/s",ft3/s,2026-05-23T14:00:00.000-04:00,2290,P,5.25
01013500,00060,"Streamflow, ft&#179;/s",ft3/s,2026-05-23T14:15:00.000-04:00,2290,P,5.25
01013500,00060,"Streamflow, ft&#179;/s",ft3/s,2026-05-23T14:30:00.000-04:00,2290,P,5.25
01013500,00060,"Streamflow, ft&#179;/s",ft3/s,2026-05-23T14:45:00.000-04:00,2270,P,5.24
01013500,00060,"Streamflow, ft&#179;/s",ft3/s,2026-05-23T15:00:00.000-04:00,2290,P,5.25
01013500,00060,"Streamflow, ft&#179;/s",ft3/s,2026-05-23T15:15:00.000-04:00,2270,P,5.24
01013500,00060,"Streamflow, ft&#179;/s",ft3/s,2026-05-23T15:30:00.000-04:00,2270,P,5.24
01013500,00060,"Streamflow, ft&#179;/s",ft3/s,2026-05-23T15:45:00.000-04:00,2270,P,5.24
01013500,00060,"Streamflow, ft&#179;/s",ft3/s,2026-05-23T16:00:00.000-04:00,2270,P,5.24
01013500,00060,"Streamflow, ft&#179;/s",ft3/s,2026-05-23T16:15:00.000-04:00,2270,P,5.24
01013500,00060,"Streamflow, ft&#179;/s",ft3/s,2026-05-23T16:30:00.000-04:00,2270,P,5.24
01013500,00060,"Streamflow, ft&#179;/s",ft3/s,2026-05-23T16:45:00.000-04:00,2270,P,5.24
01013500,00060,"Streamflow, ft&#179;/s",ft3/s,2026-05-23T17:00:00.000-04:00,2270,P,5.24
01013500,00060,"Streamflow, ft&#179;/s",ft3/s,2026-05-23T17:15:00.000-04:00,2260,P,5.23
01013500,00060,"Streamflow, ft&#179;/s",ft3/s,2026-05-23T17:30:00.000-04:00,2260,P,5.23
01013500,00060,"Streamflow, ft&#179;/s",ft3/s,2026-05-23T17:45:00.000-04:00,2260,P,5.23
01013500,00060,"Streamflow, ft&#179;/s",ft3/s,2026-05-23T18:00:00.000-04:00,2260,P,5.23
01013500,00060,"Streamflow, ft&#179;/s",ft3/s,2026-05-23T18:15:00.000-04:00,2260,P,5.23
01013500,00060,"Streamflow, ft&#179;/s",ft3/s,2026-05-23T18:30:00.000-04:00,2260,P,5.23
01013500,00060,"Streamflow, ft&#179;/s",ft3/s,2026-05-23T18:45:00.000-04:00,2260,P,5.23
01013500,00060,"Streamflow, ft&#179;/s",ft3/s,2026-05-23T19:00:00.000-04:00,2250,P,5.22
01013500,00060,"Streamflow, ft&#179;/s",ft3/s,2026-05-23T19:15:00.000-04:00,2250,P,5.22
01013500,00060,"Streamflow, ft&#179;/s",ft3/s,2026-05-23T19:30:00.000-04:00,2250,P,5.22
01013500,00060,"Streamflow, ft&#179;/s",ft3/s,2026-05-23T19:45:00.000-04:00,2250,P,5.22
01013500,00060,"Streamflow, ft&#179;/s",ft3/s,2026-05-23T20:00:00.000-04:00,2230,P,5.21
01013500,00060,"Streamflow, ft&#179;/s",ft3/s,2026-05-23T20:15:00.000-04:00,2250,P,5.22
01013500,00060,"Streamflow, ft&#179;/s",ft3/s,2026-05-23T20:30:00.000-04:00,2250,P,5.22
01013500,00060,"Streamflow, ft&#179;/s",ft3/s,2026-05-23T20:45:00.000-04:00,2230,P,5.21
01013500,00060,"Streamflow, ft&#179;/s",ft3/s,2026-05-23T21:00:00.000-04:00,2230,P,5.21
01013500,00060,"Streamflow, ft&#179;/s",ft3/s,2026-05-23T21:15:00.000-04:00,2220,P,5.2
01013500,00060,"Streamflow, ft&#179;/s",ft3/s,2026-05-23T21:30:00.000-04:00,2230,P,5.21
01013500,00060,"Streamflow, ft&#179;/s",ft3/s,2026-05-23T21:45:00.000-04:00,2230,P,5.21
01013500,00060,"Streamflow, ft&#179;/s",ft3/s,2026-05-23T22:00:00.000-04:00,2220,P,5.2
01013500,00060,"Streamflow, ft&#179;/s",ft3/s,2026-05-23T22:15:00.000-04:00,2220,P,5.2
01013500,00060,"Streamflow, ft&#179;/s",ft3/s,2026-05-23T22:30:00.000-04:00,2220,P,5.2
01013500,00060,"Streamflow, ft&#179;/s",ft3/s,2026-05-23T22:45:00.000-04:00,2210,P,5.19
01013500,00060,"Streamflow, ft&#179;/s",ft3/s,2026-05-23T23:00:00.000-04:00,2220,P,5.2
01013500,00060,"Streamflow, ft&#179;/s",ft3/s,2026-05-23T23:15:00.000-04:00,2220,P,5.2
01013500,00060,"Streamflow, ft&#179;/s",ft3/s,2026-05-23T23:30:00.000-04:00,2210,P,5.19
01013500,00060,"Streamflow, ft&#179;/s",ft3/s,2026-05-23T23:45:00.000-04:00,2210,P,5.19
01013500,00060,"Streamflow, ft&#179;/s",ft3/s,2026-05-24T00:00:00.000-04:00,2190,P,5.18
01013500,00060,"Streamflow, ft&#179;/s",ft3/s,2026-05-24T00:15:00.000-04:00,2210,P,5.19
01013500,00060,"Streamflow, ft&#179;/s",ft3/s,2026-05-24T00:30:00.000-04:00,2210,P,5.19
01013500,00060,"Streamflow, ft&#179;/s",ft3/s,2026-05-24T00:45:00.000-04:00,2190,P,5.18
01013500,00060,"Streamflow, ft&#179;/s",ft3/s,2026-05-24T01:00:00.000-04:00,2190,P,5.18
01013500,00060,"Streamflow, ft&#179;/s",ft3/s,2026-05-24T01:15:00.000-04:00,2180,P,5.17
01013500,00060,"Streamflow, ft&#179;/s",ft3/s,2026-05-24T01:30:00.000-04:00,2190,P,5.18
01013500,00060,"Streamflow, ft&#179;/s",ft3/s,2026-05-24T01:45:00.000-04:00,2190,P,5.18
01013500,00060,"Streamflow, ft&#179;/s",ft3/s,2026-05-24T02:00:00.000-04:00,2190,P,5.18
01013500,00060,"Streamflow, ft&#179;/s",ft3/s,2026-05-24T02:15:00.000-04:00,2180,P,5.17
01013500,00060,"Streamflow, ft&#179;/s",ft3/s,2026-05-24T02:30:00.000-04:00,2170,P,5.16
01013500,00060,"Streamflow, ft&#179;/s",ft3/s,2026-05-24T02:45:00.000-04:00,2180,P,5.17
01013500,00060,"Streamflow, ft&#179;/s",ft3/s,2026-05-24T03:00:00.000-04:00,2180,P,5.17
01013500,00060,"Streamflow, ft&#179;/s",ft3/s,2026-05-24T03:15:00.000-04:00,2170,P,5.16
01013500,00060,"Streamflow, ft&#179;/s",ft3/s,2026-05-24T03:30:00.000-04:00,2170,P,5.16
01013500,00060,"Streamflow, ft&#179;/s",ft3/s,2026-05-24T03:45:00.000-04:00,2170,P,5.16
01013500,00060,"Streamflow, ft&#179;/s",ft3/s,2026-05-24T04:00:00.000-04:00,2170,P,5.16
01013500,00060,"Streamflow, ft&#179;/s",ft3/s,2026-05-24T04:15:00.000-04:00,2170,P,5.16
01013500,00060,"Streamflow, ft&#179;/s",ft3/s,2026-05-24T04:30:00.000-04:00,2150,P,5.15
01013500,00060,"Streamflow, ft&#179;/s",ft3/s,2026-05-24T04:45:00.000-04:00,2170,P,5.16
01013500,00060,"Streamflow, ft&#179;/s",ft3/s,2026-05-24T05:00:00.000-04:00,2150,P,5.15
01013500,00060,"Streamflow, ft&#179;/s",ft3/s,2026-05-24T05:15:00.000-04:00,2150,P,5.15
01013500,00060,"Streamflow, ft&#179;/s",ft3/s,2026-05-24T05:30:00.000-04:00,2150,P,5.15
01013500,00060,"Streamflow, ft&#179;/s",ft3/s,2026-05-24T05:45:00.000-04:00,2150,P,5.15
01013500,00060,"Streamflow, ft&#179;/s",ft3/s,2026-05-24T06:00:00.000-04:00,2150,P,5.15
01013500,00060,"Streamflow, ft&#179;/s",ft3/s,2026-05-24T06:15:00.000-04:00,2140,P,5.14
01013500,00060,"Streamflow, ft&#179;/s",ft3/s,2026-05-24T06:30:00.000-04:00,2140,P,5.14
01013500,00060,"Streamflow, ft&#179;/s",ft3/s,2026-05-24T06:45:00.000-04:00,2150,P,5.15
01013500,00060,"Streamflow, ft&#179;/s",ft3/s,2026-05-24T07:00:00.000-04:00,2140,P,5.14
01013500,00060,"Streamflow, ft&#179;/s",ft3/s,2026-05-24T07:15:00.000-04:00,2140,P,5.14
01013500,00060,"Streamflow, ft&#179;/s",ft3/s,2026-05-24T07:30:00.000-04:00,2140,P,5.14
01013500,00060,"Streamflow, ft&#179;/s",ft3/s,2026-05-24T07:45:00.000-04:00,2140,P,5.14
01013500,00060,"Streamflow, ft&#179;/s",ft3/s,2026-05-24T08:00:00.000-04:00,2140,P,5.14
01013500,00060,"Streamflow, ft&#179;/s",ft3/s,2026-05-24T08:15:00.000-04:00,2140,P,5.14
01013500,00060,"Streamflow, ft&#179;/s",ft3/s,2026-05-24T08:30:00.000-04:00,2140,P,5.14
01013500,00060,"Streamflow, ft&#179;/s",ft3/s,2026-05-24T08:45:00.000-04:00,2140,P,5.14
01013500,00060,"Streamflow, ft&#179;/s",ft3/s,2026-05-24T09:00:00.000-04:00,2140,P,5.14
01013500,00060,"Streamflow, ft&#179;/s",ft3/s,2026-05-24T09:15:00.000-04:00,2140,P,5.14
01013500,00060,"Streamflow, ft&#179;/s",ft3/s,2026-05-24T09:30:00.000-04:00,2140,P,5.14
01013500,00060,"Streamflow, ft&#179;/s",ft3/s,2026-05-24T09:45:00.000-04:00,2140,P,5.14
01013500,00060,"Streamflow, ft&#179;/s",ft3/s,2026-05-24T10:00:00.000-04:00,2140,P,5.14
01013500,00060,"Streamflow, ft&#179;/s",ft3/s,2026-05-24T10:15:00.000-04:00,2140,P,5.14
01013500,00060,"Streamflow, ft&#179;/s",ft3/s,2026-05-24T10:30:00.000-04:00,2140,P,5.14
01013500,00060,"Streamflow, ft&#179;/s",ft3/s,2026-05-24T10:45:00.000-04:00,2140,P,5.14
01013500,00060,"Streamflow, ft&#179;/s",ft3/s,2026-05-24T11:00:00.000-04:00,2130,P,5.13
01013500,00060,"Streamflow, ft&#179;/s",ft3/s,2026-05-24T11:15:00.000-04:00,2140,P,5.14
01013500,00060,"Streamflow, ft&#179;/s",ft3/s,2026-05-24T11:30:00.000-04:00,2130,P,5.13
01013500,00060,"Streamflow, ft&#179;/s",ft3/s,2026-05-24T11:45:00.000-04:00,2140,P,5.14
01013500,00060,"Streamflow, ft&#179;/s",ft3/s,2026-05-24T12:00:00.000-04:00,2140,P,5.14
01013500,00060,"Streamflow, ft&#179;/s",ft3/s,2026-05-24T12:15:00.000-04:00,2130,P,5.13
01013500,00060,"Streamflow, ft&#179;/s",ft3/s,2026-05-24T12:30:00.000-04:00,2140,P,5.14
01013500,00060,"Streamflow, ft&#179;/s",ft3/s,2026-05-24T12:45:00.000-04:00,2130,P,5.13
01013500,00060,"Streamflow, ft&#179;/s",ft3/s,2026-05-24T13:00:00.000-04:00,2130,P,5.13
01013500,00060,"Streamflow, ft&#179;/s",ft3/s,2026-05-24T13:15:00.000-04:00,2130,P,5.13
01013500,00060,"Streamflow, ft&#179;/s",ft3/s,2026-05-24T13:30:00.000-04:00,2130,P,5.13
01013500,00060,"Streamflow, ft&#179;/s",ft3/s,2026-05-24T13:45:00.000-04:00,2130,P,5.13
01013500,00060,"Streamflow, ft&#179;/s",ft3/s,2026-05-24T14:00:00.000-04:00,2130,P,5.13
01013500,00060,"Streamflow, ft&#179;/s",ft3/s,2026-05-24T14:15:00.000-04:00,2130,P,5.13
01013500,00060,"Streamflow, ft&#179;/s",ft3/s,2026-05-24T14:30:00.000-04:00,2130,P,5.13
01013500,00060,"Streamflow, ft&#179;/s",ft3/s,2026-05-24T14:45:00.000-04:00,2130,P,5.13
01013500,00060,"Streamflow, ft&#179;/s",ft3/s,2026-05-24T15:00:00.000-04:00,2130,P,5.13
01013500,00060,"Streamflow, ft&#179;/s",ft3/s,2026-05-24T15:15:00.000-04:00,2130,P,5.13
01013500,00060,"Streamflow, ft&#179;/s",ft3/s,2026-05-24T15:30:00.000-04:00,2120,P,5.12
01013500,00060,"Streamflow, ft&#179;/s",ft3/s,2026-05-24T15:45:00.000-04:00,2130,P,5.13
01013500,00060,"Streamflow, ft&#179;/s",ft3/s,2026-05-24T16:00:00.000-04:00,2120,P,5.12
01013500,00060,"Streamflow, ft&#179;/s",ft3/s,2026-05-24T16:15:00.000-04:00,2130,P,5.13
01013500,00060,"Streamflow, ft&#179;/s",ft3/s,2026-05-24T16:30:00.000-04:00,2120,P,5.12
01013500,00060,"Streamflow, ft&#179;/s",ft3/s,2026-05-24T16:45:00.000-04:00,2130,P,5.13
01013500,00060,"Streamflow, ft&#179;/s",ft3/s,2026-05-24T17:00:00.000-04:00,2120,P,5.12
01013500,00060,"Streamflow, ft&#179;/s",ft3/s,2026-05-24T17:15:00.000-04:00,2120,P,5.12
01013500,00060,"Streamflow, ft&#179;/s",ft3/s,2026-05-24T17:30:00.000-04:00,2120,P,5.12
01013500,00060,"Streamflow, ft&#179;/s",ft3/s,2026-05-24T17:45:00.000-04:00,2120,P,5.12
01013500,00060,"Streamflow, ft&#179;/s",ft3/s,2026-05-24T18:00:00.000-04:00,2120,P,5.12
01013500,00060,"Streamflow, ft&#179;/s",ft3/s,2026-05-24T18:15:00.000-04:00,2120,P,5.12
01013500,00060,"Streamflow, ft&#179;/s",ft3/s,2026-05-24T18:30:00.000-04:00,2120,P,5.12
01013500,00060,"Streamflow, ft&#179;/s",ft3/s,2026-05-24T18:45:00.000-04:00,2120,P,5.12
01013500,00060,"Streamflow, ft&#179;/s",ft3/s,2026-05-24T19:00:00.000-04:00,2120,P,5.12
01013500,00060,"Streamflow, ft&#179;/s",ft3/s,2026-05-24T19:15:00.000-04:00,2120,P,5.12
01013500,00060,"Streamflow, ft&#179;/s",ft3/s,2026-05-24T19:30:00.000-04:00,2120,P,5.12
01013500,00060,"Streamflow, ft&#179;/s",ft3/s,2026-05-24T19:45:00.000-04:00,2100,P,5.11
01013500,00060,"Streamflow, ft&#179;/s",ft3/s,2026-05-24T20:00:00.000-04:00,2100,P,5.11
01013500,00060,"Streamflow, ft&#179;/s",ft3/s,2026-05-24T20:15:00.000-04:00,2100,P,5.11
01013500,00060,"Streamflow, ft&#179;/s",ft3/s,2026-05-24T20:30:00.000-04:00,2100,P,5.11
01013500,00060,"Streamflow, ft&#179;/s",ft3/s,2026-05-24T20:45:00.000-04:00,2090,P,5.1
01013500,00060,"Streamflow, ft&#179;/s",ft3/s,2026-05-24T21:00:00.000-04:00,2100,P,5.11
01013500,00060,"Streamflow, ft&#179;/s",ft3/s,2026-05-24T21:15:00.000-04:00,2090,P,5.1
01013500,00060,"Streamflow, ft&#179;/s",ft3/s,2026-05-24T21:30:00.000-04:00,2090,P,5.1
01013500,00060,"Streamflow, ft&#179;/s",ft3/s,2026-05-24T21:45:00.000-04:00,2090,P,5.1
01013500,00060,"Streamflow, ft&#179;/s",ft3/s,2026-05-24T22:00:00.000-04:00,2090,P,5.1
01013500,00060,"Streamflow, ft&#179;/s",ft3/s,2026-05-24T22:15:00.000-04:00,2080,P,5.09
01013500,00060,"Streamflow, ft&#179;/s",ft3/s,2026-05-24T22:30:00.000-04:00,2080,P,5.09
01013500,00060,"Streamflow, ft&#179;/s",ft3/s,2026-05-24T22:45:00.000-04:00,2080,P,5.09
01013500,00060,"Streamflow, ft&#179;/s",ft3/s,2026-05-24T23:00:00.000-04:00,2080,P,5.09
01013500,00060,"Streamflow, ft&#179;/s",ft3/s,2026-05-24T23:15:00.000-04:00,2080,P,5.09
01013500,00060,"Streamflow, ft&#179;/s",ft3/s,2026-05-24T23:30:00.000-04:00,2080,P,5.09
01013500,00060,"Streamflow, ft&#179;/s",ft3/s,2026-05-24T23:45:00.000-04:00,2080,P,5.09
01013500,00060,"Streamflow, ft&#179;/s",ft3/s,2026-05-25T00:00:00.000-04:00,2080,P,5.09
01013500,00060,"Streamflow, ft&#179;/s",ft3/s,2026-05-25T00:15:00.000-04:00,2060,P,5.08
01013500,00060,"Streamflow, ft&#179;/s",ft3/s,2026-05-25T00:30:00.000-04:00,2060,P,5.08
01013500,00060,"Streamflow, ft&#179;/s",ft3/s,2026-05-25T00:45:00.000-04:00,2080,P,5.09
01013500,00060,"Streamflow, ft&#179;/s",ft3/s,2026-05-25T01:00:00.000-04:00,2060,P,5.08
01013500,00060,"Streamflow, ft&#179;/s",ft3/s,2026-05-25T01:15:00.000-04:00,2060,P,5.08
01013500,00060,"Streamflow, ft&#179;/s",ft3/s,2026-05-25T01:30:00.000-04:00,2060,P,5.08
01013500,00060,"Streamflow, ft&#179;/s",ft3/s,2026-05-25T01:45:00.000-04:00,2050,P,5.07
01013500,00060,"Streamflow, ft&#179;/s",ft3/s,2026-05-25T02:00:00.000-04:00,2050,P,5.07
01013500,00060,"Streamflow, ft&#179;/s",ft3/s,2026-05-25T02:15:00.000-04:00,2050,P,5.07
01013500,00060,"Streamflow, ft&#179;/s",ft3/s,2026-05-25T02:30:00.000-04:00,2050,P,5.07
01013500,00060,"Streamflow, ft&#179;/s",ft3/s,2026-05-25T02:45:00.000-04:00,2060,P,5.08
01013500,00060,"Streamflow, ft&#179;/s",ft3/s,2026-05-25T03:00:00.000-04:00,2050,P,5.07
01013500,00060,"Streamflow, ft&#179;/s",ft3/s,2026-05-25T03:15:00.000-04:00,2050,P,5.07
01013500,00060,"Streamflow, ft&#179;/s",ft3/s,2026-05-25T03:30:00.000-04:00,2050,P,5.07
01013500,00060,"Streamflow, ft&#179;/s",ft3/s,2026-05-25T03:45:00.000-04:00,2040,P,5.06
01013500,00060,"Streamflow, ft&#179;/s",ft3/s,2026-05-25T04:00:00.000-04:00,2050,P,5.07
01013500,00060,"Streamflow, ft&#179;/s",ft3/s,2026-05-25T04:15:00.000-04:00,2040,P,5.06
01013500,00060,"Streamflow, ft&#179;/s",ft3/s,2026-05-25T04:30:00.000-04:00,2040,P,5.06
01013500,00060,"Streamflow, ft&#179;/s",ft3/s,2026-05-25T04:45:00.000-04:00,2040,P,5.06
01013500,00060,"Streamflow, ft&#179;/s",ft3/s,2026-05-25T05:00:00.000-04:00,2050,P,5.07
01013500,00060,"Streamflow, ft&#179;/s",ft3/s,2026-05-25T05:15:00.000-04:00,2040,P,5.06
01013500,00060,"Streamflow, ft&#179;/s",ft3/s,2026-05-25T05:30:00.000-04:00,2040,P,5.06
01013500,00060,"Streamflow, ft&#179;/s",ft3/s,2026-05-25T05:45:00.000-04:00,2030,P,5.05
01013500,00060,"Streamflow, ft&#179;/s",ft3/s,2026-05-25T06:00:00.000-04:00,2030,P,5.05
01013500,00060,"Streamflow, ft&#179;/s",ft3/s,2026-05-25T06:15:00.000-04:00,2030,P,5.05
01013500,00060,"Streamflow, ft&#179;/s",ft3/s,2026-05-25T06:30:00.000-04:00,2030,P,5.05
01013500,00060,"Streamflow, ft&#179;/s",ft3/s,2026-05-25T06:45:00.000-04:00,2030,P,5.05
01013500,00060,"Streamflow, ft&#179;/s",ft3/s,2026-05-25T07:00:00.000-04:00,2010,P,5.04
01013500,00060,"Streamflow, ft&#179;/s",ft3/s,2026-05-25T07:15:00.000-04:00,2030,P,5.05
01013500,00060,"Streamflow, ft&#179;/s",ft3/s,2026-05-25T07:30:00.000-04:00,2010,P,5.04
01013500,00060,"Streamflow, ft&#179;/s",ft3/s,2026-05-25T07:45:00.000-04:00,2030,P,5.05
01013500,00060,"Streamflow, ft&#179;/s",ft3/s,2026-05-25T08:00:00.000-04:00,2010,P,5.04
01013500,00060,"Streamflow, ft&#179;/s",ft3/s,2026-05-25T08:15:00.000-04:00,2010,P,5.04
01013500,00060,"Streamflow, ft&#179;/s",ft3/s,2026-05-25T08:30:00.000-04:00,2010,P,5.04
01013500,00060,"Streamflow, ft&#179;/s",ft3/s,2026-05-25T08:45:00.000-04:00,2010,P,5.04
01013500,00060,"Streamflow, ft&#179;/s",ft3/s,2026-05-25T09:00:00.000-04:00,2010,P,5.04
01013500,00060,"Streamflow, ft&#179;/s",ft3/s,2026-05-25T09:15:00.000-04:00,2000,P,5.03
01013500,00060,"Streamflow, ft&#179;/s",ft3/s,2026-05-25T09:30:00.000-04:00,2010,P,5.04
01013500,00060,"Streamflow, ft&#179;/s",ft3/s,2026-05-25T09:45:00.000-04:00,2010,P,5.04
