date,actual,predicted
2020-01-03,1160.0,1190.617046717079
2020-01-04,1110.0,1144.9444332202356
2020-01-05,1070.0,1118.5264276749426
2020-01-06,1030.0,1060.1331649470296
2020-01-07,992.0,1035.149559435592
2020-01-08,955.0,996.1970556727891
2020-01-09,918.0,963.8131488697306
2020-01-10,900.0,930.9202543178344
2020-01-11,940.0,896.5843806077335
2020-01-12,1010.0,900.4334701303427
2020-01-13,1030.0,996.3276904699468
2020-01-14,991.0,1091.0904463140494
2020-01-15,949.0,1067.9784008790964
2020-01-16,919.0,990.4243986128577
2020-01-17,897.0,957.7371529702514
2020-01-18,875.0,934.635086664187
2020-01-19,853.0,910.0523799388535
2020-01-20,832.0,879.8420747664346
2020-01-21,810.0,857.0267077450474
2020-01-22,789.0,840.7033595330205
2020-01-23,768.0,821.0711461572811
2020-01-24,756.0,803.5864137430102
2020-01-25,754.0,784.2114755841633
2020-01-26,768.0,783.3318523714673
2020-01-27,760.0,792.3059815336914
2020-01-28,744.0,823.30811469672
2020-01-29,729.0,794.9511753953622
2020-01-30,714.0,778.968484187986
2020-01-31,698.0,767.588447314911
2020-02-01,683.0,752.2823568930263
2020-02-02,668.0,734.7615231231649
2020-02-03,654.0,719.686184355033
2020-02-04,642.0,705.243274363455
2020-02-05,629.0,693.674602741251
2020-02-06,615.0,684.8431524299307
2020-02-07,601.0,672.0546668055205
2020-02-08,587.0,659.0387784401613
2020-02-09,574.0,646.819738963742
2020-02-10,564.0,634.4407759316007
2020-02-11,553.0,623.7373284751907
2020-02-12,543.0,617.619032894994
2020-02-13,533.0,606.5397076012398
2020-02-14,522.0,599.3617851550421
2020-02-15,512.0,590.6988732070794
2020-02-16,502.0,580.2526236741408
2020-02-17,493.0,572.7307966581029
2020-02-18,483.0,563.5878405812741
2020-02-19,474.0,556.760647252716
2020-02-20,465.0,546.7463886356422
2020-02-21,456.0,540.0557061965167
2020-02-22,447.0,532.0191144048019
2020-02-23,439.0,524.1448227198013
2020-02-24,433.0,516.2472589889226
2020-02-25,426.0,510.2529802151621
2020-02-26,420.0,507.1159437919501
2020-02-27,418.0,499.94368288641436
2020-02-28,419.0,496.332837504272
2020-02-29,419.0,499.12871831748134
2020-03-01,420.0,503.55624173948655
2020-03-02,422.0,503.53321242760535
2020-03-03,430.0,507.0954821545122
2020-03-04,452.0,511.12432285867175
2020-03-05,489.0,525.8653012322601
2020-03-06,511.0,561.2760276372835
2020-03-07,520.0,611.7713132051498
2020-03-08,523.0,619.400091366817
2020-03-09,520.0,621.4579247733097
2020-03-10,542.0,621.5352916920815
2020-03-11,575.0,612.3650674833432
2020-03-12,600.0,656.7202567728289
2020-03-13,619.0,692.8072498498709
2020-03-14,625.0,709.0555890467679
2020-03-15,625.0,725.9951035449217
2020-03-16,621.0,721.8169889629214
2020-03-17,619.0,718.6845845717339
2020-03-18,625.0,709.1284606277851
2020-03-19,633.0,706.30899768619
2020-03-20,649.0,717.3684914853881
2020-03-21,686.0,724.8182041639084
2020-03-22,715.0,748.9441895063161
2020-03-23,731.0,806.2322651726151
2020-03-24,746.0,826.285039878577
2020-03-25,759.0,834.664159531939
2020-03-26,782.0,852.2722854412488
2020-03-27,813.0,863.0062078073696
2020-03-28,843.0,894.6658232423263
2020-03-29,879.0,929.0117649777859
2020-03-30,933.0,955.9573766142556
2020-03-31,989.0,998.7240501298268
2020-04-01,1130.0,1069.6432476829984
2020-04-02,1430.0,1125.6949047583805
2020-04-03,1770.0,1350.1860202154444
2020-04-04,2130.0,1791.7463217574953
2020-04-05,2600.0,2155.282804807123
2020-04-06,3000.0,2550.6717746670793
2020-04-07,3270.0,3142.737538038813
2020-04-08,3440.0,3472.03584865055
2020-04-09,3610.0,3639.453203799388
2020-04-10,3640.0,3720.584851721713
2020-04-11,3590.0,3875.914262508435
2020-04-12,3700.0,3730.8549625424516
2020-04-13,4850.0,3583.1473880591184
2020-04-14,5490.0,3815.7444737305777
2020-04-15,5750.0,5911.866220125865
2020-04-16,5750.0,5895.550156941495
2020-04-17,5650.0,5969.301180456652
2020-04-18,5570.0,5812.417540186909
2020-04-19,5590.0,5643.555859594914
2020-04-20,5530.0,5544.019768001162
2020-04-21,5570.0,5533.757230884988
2020-04-22,5400.0,5318.266857830738
2020-04-23,5210.0,5453.340260706064
2020-04-24,5070.0,5064.147158483964
2020-04-25,4990.0,4902.090154274924
2020-04-26,4970.0,4802.177533749161
2020-04-27,5100.0,4756.972902572267
2020-04-28,5350.0,4794.732548134293
2020-04-29,5700.0,5066.986889432979
2020-04-30,6150.0,5434.527462998425
2020-05-01,7250.0,5897.7911741646685
2020-05-02,7720.0,6464.790269416525
2020-05-03,7890.0,8211.468765681971
2020-05-04,7860.0,8003.503632233425
2020-05-05,7620.0,8054.473055138561
2020-05-06,7320.0,7858.22991963787
2020-05-07,6990.0,7383.290129014281
2020-05-08,6610.0,6972.727453498723
2020-05-09,6240.0,6490.369222153954
2020-05-10,5850.0,5998.023386502258
2020-05-11,5530.0,5610.501246483557
2020-05-12,5220.0,5184.966583141427
2020-05-13,4900.0,4944.034376593811
2020-05-14,4640.0,4646.943684698028
2020-05-15,4490.0,4341.607986409162
2020-05-16,4350.0,4176.770242235467
2020-05-17,4200.0,4150.583142835389
2020-05-18,4020.0,4033.403926028467
2020-05-19,3830.0,3904.160813840769
2020-05-20,3630.0,3723.0005257150156
2020-05-21,3410.0,3549.150948794461
2020-05-22,3190.0,3351.2744057895384
2020-05-23,3000.0,3113.7817582094044
2020-05-24,2800.0,2896.5810047292684
2020-05-25,2610.0,2735.16696356665
2020-05-26,2520.0,2524.594386173546
2020-05-27,2520.0,2354.1416486876483
2020-05-28,2370.0,2367.20941814622
2020-05-29,2250.0,2449.711789340253
2020-05-30,2130.0,2162.021899644569
2020-05-31,2000.0,2119.2766760475333
2020-06-01,1870.0,2000.8006610808454
2020-06-02,1750.0,1868.1871118829058
2020-06-03,1640.0,1739.0527309733923
2020-06-04,1530.0,1622.3345033280284
2020-06-05,1430.0,1525.9225858671352
2020-06-06,1360.0,1418.589574379575
2020-06-07,1270.0,1333.739726759231
2020-06-08,1200.0,1296.978664920783
2020-06-09,1140.0,1189.432722444482
2020-06-10,1160.0,1150.8419346375858
2020-06-11,1070.0,1103.4945140343016
2020-06-12,993.0,1205.5712741546783
2020-06-13,935.0,1002.9306494953596
2020-06-14,883.0,966.5474334341266
2020-06-15,825.0,923.9957309665924
2020-06-16,777.0,874.0925051842543
2020-06-17,728.0,810.1529694059112
2020-06-18,680.0,769.4203367118429
2020-06-19,636.0,722.2500381734466
2020-06-20,606.0,679.2529691010674
2020-06-21,571.0,641.2011961950852
2020-06-22,554.0,625.7109587579109
2020-06-23,557.0,586.1684004993108
2020-06-24,529.0,590.3515510116946
2020-06-25,484.0,612.8321876506725
2020-06-26,453.0,555.0886457689719
2020-06-27,442.0,502.80334705953595
2020-06-28,419.0,487.4321536759248
2020-06-29,394.0,491.72744610786776
2020-06-30,375.0,452.6951061090296
2020-07-01,354.0,427.47410834652123
2020-07-02,343.0,415.4118575530529
2020-07-03,327.0,393.08562613951034
2020-07-04,311.0,392.92096594627964
2020-07-05,302.0,369.8704417736047
2020-07-06,291.0,355.8579221727819
2020-07-07,308.0,354.3434213477474
2020-07-08,304.0,340.6697876802811
2020-07-09,299.0,385.86386000031115
2020-07-10,294.0,356.8531697246592
2020-07-11,293.0,356.9119382851064
2020-07-12,276.0,352.14913359658294
2020-07-13,258.0,354.1880187290292
2020-07-14,246.0,320.27171007165373
2020-07-15,235.0,301.5604900385733
2020-07-16,233.0,293.36999187854127
2020-07-17,226.0,280.64130055604636
2020-07-18,217.0,286.291300826403
2020-07-19,225.0,272.2154166537312
2020-07-20,206.0,263.3396995606388
2020-07-21,197.0,288.56409620752066
2020-07-22,193.0,240.76841812096148
2020-07-23,183.0,246.86008619690608
2020-07-24,176.0,243.74469761080695
2020-07-25,179.0,226.47305094692567
2020-07-26,177.0,223.29455765573147
2020-07-27,177.0,233.6374219939946
2020-07-28,172.0,225.73868146121885
2020-07-29,165.0,229.08743967371595
2020-07-30,154.0,218.51790168239424
2020-07-31,150.0,210.51111362620483
2020-08-01,146.0,195.14213897597128
2020-08-02,151.0,196.85946020891765
2020-08-03,141.0,190.42392697365793
2020-08-04,159.0,203.3266891796813
2020-08-05,146.0,177.13166153859754
2020-08-06,130.0,225.2483867018533
2020-08-07,124.0,177.12174648205516
2020-08-08,117.0,164.49058928372077
2020-08-09,110.0,166.59133856374172
2020-08-10,108.0,154.4121626084459
2020-08-11,110.0,147.30905431632658
2020-08-12,96.9,147.99305040716033
2020-08-13,87.4,153.3777478355821
2020-08-14,83.9,125.84781473183257
2020-08-15,79.3,122.4589464454082
2020-08-16,77.9,122.88663422673952
2020-08-17,90.4,115.58524916855852
2020-08-18,101.0,116.96708070946683
2020-08-19,86.5,141.9024236182327
2020-08-20,84.2,149.13072131633643
2020-08-21,80.6,112.11385288833
2020-08-22,74.8,125.92779066994508
2020-08-23,70.7,116.88222053606275
2020-08-24,83.0,108.1167550842533
2020-08-25,96.3,104.08013320154234
2020-08-26,74.9,130.39567741318686
2020-08-27,65.5,142.50766399847976
2020-08-28,67.9,88.45780883059322
2020-08-29,134.0,96.90079744530865
2020-08-30,125.0,106.0446574790003
2020-08-31,112.0,230.6786739736045
2020-09-01,112.0,138.54101106253992
2020-09-02,111.0,138.9297878658417
2020-09-03,94.7,150.8751426654117
2020-09-04,87.0,144.40132681064884
2020-09-05,82.5,111.62812163967433
2020-09-06,81.2,108.91550144393833
2020-09-07,85.4,105.07991610116923
2020-09-08,73.7,106.7176415601516
2020-09-09,107.0,115.53045437073243
2020-09-10,99.0,87.57360393921218
2020-09-11,87.7,168.38796541740808
2020-09-12,85.9,112.65735961543871
2020-09-13,85.4,108.5882424591255
2020-09-14,68.2,114.64024989341084
2020-09-15,65.9,111.58936107799181
2020-09-16,61.8,78.08355061846511
2020-09-17,53.0,90.01196988559525
2020-09-18,47.6,80.61390183763332
2020-09-19,42.6,68.27420082688344
2020-09-20,39.1,66.6901497817031
2020-09-21,38.1,60.914629404982996
2020-09-22,34.9,59.75932903249102
2020-09-23,35.2,60.64509383940304
2020-09-24,33.5,55.38456600653586
2020-09-25,33.6,60.00411557542902
2020-09-26,34.6,55.80648688686859
2020-09-27,36.9,58.30197325131692
2020-09-28,39.2,59.85503880498093
2020-09-29,62.3,63.08357128373822
2020-09-30,85.1,65.3406275659132
2020-10-01,74.0,108.54263714096615
2020-10-02,118.0,127.91597278741385
2020-10-03,105.0,86.04677095682548
2020-10-04,93.1,189.86977467623342
2020-10-05,90.9,110.69077200822574
2020-10-06,94.8,111.81948347991249
2020-10-07,103.0,114.08872481528894
2020-10-08,94.5,118.71335319400401
2020-10-09,106.0,130.27329036957963
2020-10-10,219.0,102.25905638061431
2020-10-11,181.0,137.74464645512828
2020-10-12,167.0,345.7708214454637
2020-10-13,435.0,147.52472478201418
2020-10-14,449.0,190.78799531153055
2020-10-15,472.0,720.8545417691463
2020-10-16,797.0,443.4290754727733
2020-10-17,1170.0,539.0611996563997
2020-10-18,1310.0,1141.6583100442824
2020-10-19,1620.0,1514.3458475786097
2020-10-20,1850.0,1448.7595684544751
2020-10-21,2050.0,1965.838952319995
2020-10-22,2160.0,2088.684085462681
2020-10-23,2240.0,2281.5068199914667
2020-10-24,2210.0,2285.9064564684404
2020-10-25,2180.0,2324.768903713302
2020-10-26,2200.0,2174.5080158080646
2020-10-27,2170.0,2130.611302240611
2020-10-28,2100.0,2170.04117160083
2020-10-29,2010.0,2060.8172660333703
2020-10-30,1930.0,1952.4967099168268
2020-10-31,1860.0,1843.6331999550623
2020-11-01,1830.0,1776.2924966199623
2020-11-02,1780.0,1711.18100966552
2020-11-03,1710.0,1716.17628325128
2020-11-04,1650.0,1644.230640890319
2020-11-05,1590.0,1568.5421283576857
2020-11-06,1540.0,1529.244910690547
2020-11-07,1480.0,1471.860956999898
2020-11-08,1440.0,1434.8575422999672
2020-11-09,1390.0,1364.3863501015642
2020-11-10,1340.0,1349.3785586588813
2020-11-11,1280.0,1290.509323562305
2020-11-12,1240.0,1246.721003495077
2020-11-13,1210.0,1180.0655407374206
2020-11-14,1180.0,1163.2258357276983
2020-11-15,1220.0,1141.836851745119
2020-11-16,1200.0,1113.5291707646259
2020-11-17,1150.0,1225.9143740423833
2020-11-18,1120.0,1141.2469190817217
2020-11-19,1080.0,1082.6946638877291
2020-11-20,1050.0,1078.261665066171
2020-11-21,1020.0,1023.1817990573361
2020-11-22,1140.0,1004.4472832306316
2020-11-23,1400.0,968.0250623017057
2020-11-24,1450.0,1234.680955341038
2020-11-25,1520.0,1610.9542463541443
2020-11-26,1570.0,1453.6825992072133
2020-11-27,1630.0,1603.533195922336
2020-11-28,1650.0,1630.637327400635
2020-11-29,1680.0,1702.9712722682218
2020-11-30,2660.0,1669.6898136059167
2020-12-01,3730.0,1696.2224400769337
2020-12-02,4190.0,3587.626508829312
2020-12-03,4350.0,4595.149657005764
2020-12-04,4320.0,4544.991163352975
2020-12-05,4290.0,4587.309813888225
2020-12-06,4180.0,4414.801708138633
2020-12-07,3980.0,4369.008542167351
2020-12-08,3780.0,4059.3908781962036
2020-12-09,3560.0,3679.1823919768344
2020-12-10,3360.0,3442.1491766303348
2020-12-11,3160.0,3174.201853836918
2020-12-12,3050.0,2987.99635810413
2020-12-13,2890.0,2778.044987858357
2020-12-14,2670.0,2759.6599769677273
2020-12-15,2450.0,2558.435369255756
2020-12-16,2280.0,2318.8040121061103
2020-12-17,2130.0,2127.035298058761
2020-12-18,1990.0,2013.0255553550653
2020-12-19,1890.0,1881.141956416889
2020-12-20,1820.0,1754.3942254314009
2020-12-21,1730.0,1703.910743199938
2020-12-22,1640.0,1672.7220219438402
2020-12-23,1590.0,1576.8488928686106
2020-12-24,1830.0,1504.9539507459735
2020-12-25,2580.0,1503.2897778674424
2020-12-26,2830.0,2025.4385437093747
2020-12-27,3000.0,3233.9245047167738
2020-12-28,3060.0,2958.017564465958
2020-12-29,2960.0,3206.9999231427464
2020-12-30,2860.0,3181.9738613288578
2020-12-31,2730.0,2934.8638127081385
2021-01-01,2630.0,2816.012198787482
2021-01-02,2530.0,2572.252722412876
2021-01-03,2420.0,2471.517155912905
2021-01-04,2300.0,2343.0086331701186
2021-01-05,2190.0,2215.9809127109365
2021-01-06,2090.0,2093.800260409144
2021-01-07,2000.0,2000.3197964404624
2021-01-08,1900.0,1917.4810716994277
2021-01-09,1800.0,1848.3530062315415
2021-01-10,1700.0,1746.5251510162816
2021-01-11,1610.0,1658.2850444906212
2021-01-12,1540.0,1566.6055786603924
2021-01-13,1470.0,1492.0542836921559
2021-01-14,1410.0,1444.8309919511303
2021-01-15,1360.0,1376.89361127282
2021-01-16,1340.0,1334.5809742543672
2021-01-17,1300.0,1300.0329289661408
2021-01-18,1250.0,1315.0484978053578
2021-01-19,1180.0,1258.0298540026583
2021-01-20,1110.0,1209.2823033513673
2021-01-21,1040.0,1126.1878670769006
2021-01-22,982.0,1061.7162936966106
2021-01-23,927.0,991.2394945840995
2021-01-24,875.0,943.0725539120602
2021-01-25,834.0,889.7618843231609
2021-01-26,801.0,843.4464012589533
2021-01-27,771.0,817.7391935568221
2021-01-28,742.0,795.8611000936945
2021-01-29,716.0,773.3830696769905
2021-01-30,693.0,750.2281668420044
2021-01-31,672.0,732.1144589999736
2021-02-01,653.0,715.8342348655518
2021-02-02,635.0,699.5931758764025
2021-02-03,618.0,684.7878399814238
2021-02-04,601.0,669.7974811509474
2021-02-05,584.0,655.8836859509057
2021-02-06,570.0,640.7927678448183
2021-02-07,557.0,625.6086425436907
2021-02-08,544.0,616.0872956099346
2021-02-09,531.0,605.0574725050894
2021-02-10,520.0,593.6311094624248
2021-02-11,510.0,582.325235555968
2021-02-12,500.0,574.861806047254
2021-02-13,489.0,567.053056799296
2021-02-14,479.0,558.3802460650602
2021-02-15,470.0,547.8742145018
2021-02-16,460.0,540.3945671912807
2021-02-17,450.0,533.4395635558699
2021-02-18,441.0,523.4869678967846
2021-02-19,432.0,514.8166549529288
2021-02-20,423.0,507.8283163458449
2021-02-21,414.0,499.7998494821524
2021-02-22,406.0,491.94310168287535
2021-02-23,400.0,483.9947306531
2021-02-24,395.0,478.06478085082546
2021-02-25,390.0,474.9366304041221
2021-02-26,385.0,471.70866715955304
2021-02-27,380.0,467.836301910724
2021-02-28,376.0,464.1274245942991
2021-03-01,372.0,460.32239685653934
2021-03-02,367.0,458.32933922293034
2021-03-03,364.0,455.0074914434976
2021-03-04,360.0,449.87870115970026
2021-03-05,356.0,449.7794549891988
2021-03-06,352.0,445.18602180567973
2021-03-07,348.0,442.2091882651095
2021-03-08,344.0,438.86054337722186
2021-03-09,340.0,435.5103715442497
2021-03-10,337.0,432.2270640054202
2021-03-11,335.0,428.7993076793967
2021-03-12,343.0,427.41127292040886
2021-03-13,361.0,426.8603213812156
2021-03-14,395.0,445.1087634269155
2021-03-15,432.0,472.06897122609263
2021-03-16,470.0,521.7985954376707
2021-03-17,497.0,561.7542827564341
2021-03-18,507.0,603.8022136792409
2021-03-19,498.0,622.8808090662006
2021-03-20,482.0,619.5341216022555
2021-03-21,473.0,593.7107623902717
2021-03-22,483.0,569.8846430452231
2021-03-23,547.0,563.2267828863665
2021-03-24,728.0,585.3731718680173
2021-03-25,1140.0,696.2277472376151
2021-03-26,2040.0,983.5495880403125
2021-03-27,2910.0,1609.362934149498
2021-03-28,3400.0,2965.2908893899807
2021-03-29,3580.0,3769.6747503075185
2021-03-30,3700.0,3972.6447934561784
2021-03-31,4090.0,3958.7747164948546
2021-04-01,4420.0,4050.9184419518724
2021-04-02,4460.0,4641.468753959702
2021-04-03,4530.0,4772.97392107284
2021-04-04,4600.0,4489.99278080897
2021-04-05,4650.0,4609.47570216748
2021-04-06,4840.0,4644.1330619751425
2021-04-07,5190.0,4654.457468895816
2021-04-08,5610.0,4948.880771295936
2021-04-09,5960.0,5409.708831570863
2021-04-10,6100.0,5893.15468915475
2021-04-11,6080.0,6195.48373159177
2021-04-12,5940.0,6170.49636977442
2021-04-13,5700.0,6037.863988163149
2021-04-14,5390.0,5778.796954576603
2021-04-15,5050.0,5410.829157262401
2021-04-16,4730.0,4990.73213874655
2021-04-17,4440.0,4579.453333058418
2021-04-18,4150.0,4250.1995072937425
2021-04-19,3870.0,3970.243368639931
2021-04-20,3650.0,3676.3852918682915
2021-04-21,3520.0,3421.3479554700302
2021-04-22,3340.0,3279.989165517933
2021-04-23,3210.0,3253.0349605049632
2021-04-24,3140.0,3038.9229659999214
2021-04-25,3090.0,2995.875102408577
2021-04-26,3020.0,2996.9006255178465
2021-04-27,2940.0,2978.470567558032
2021-04-28,2820.0,2905.446487284605
2021-04-29,2730.0,2830.6125424598376
2021-04-30,2690.0,2683.9440478138745
2021-05-01,2600.0,2633.098906766839
2021-05-02,2480.0,2632.406548086379
2021-05-03,2360.0,2484.9910370697244
2021-05-04,2280.0,2349.427514577824
2021-05-05,2380.0,2235.1572979855437
2021-05-06,2360.0,2195.4034526482
2021-05-07,2310.0,2462.7984055274837
2021-05-08,2230.0,2300.9837918602393
2021-05-09,2160.0,2264.615819227402
2021-05-10,2090.0,2169.7180096342618
2021-05-11,2030.0,2117.85836431038
2021-05-12,1960.0,2043.0322759012683
2021-05-13,1890.0,1979.362654992706
2021-05-14,1820.0,1896.2849553432764
2021-05-15,1740.0,1830.3660196206577
2021-05-16,1680.0,1763.4536112496803
2021-05-17,1600.0,1675.7429940183956
2021-05-18,1530.0,1638.5644167877351
2021-05-19,1480.0,1536.874257471834
2021-05-20,1410.0,1485.0440303769713
2021-05-21,1360.0,1454.9370398927279
2021-05-22,1340.0,1365.5846107025375
2021-05-23,1330.0,1343.3516746220196
2021-05-24,1290.0,1350.8597487473305
2021-05-25,1280.0,1350.9616268651873
2021-05-26,1220.0,1287.2292320418421
2021-05-27,1150.0,1316.1513682288648
2021-05-28,1100.0,1205.7154216385843
2021-05-29,1050.0,1137.2640463330995
2021-05-30,1080.0,1103.8189625759182
2021-05-31,1100.0,1045.9912383083945
2021-06-01,1070.0,1153.6751418514866
2021-06-02,1050.0,1150.6900849335182
2021-06-03,1020.0,1084.930127128375
2021-06-04,987.0,1090.5069154665507
2021-06-05,955.0,1049.3493343747969
2021-06-06,922.0,1015.8077668234184
2021-06-07,880.0,979.6702483047713
2021-06-08,818.0,941.4308159916903
2021-06-09,749.0,891.3611247637772
2021-06-10,714.0,810.7429270804054
2021-06-11,667.0,737.2543291370843
2021-06-12,621.0,734.06257491914
2021-06-13,596.0,668.0577358530711
2021-06-14,584.0,627.7612201020255
2021-06-15,617.0,625.1003015577999
2021-06-16,586.0,625.6068844896644
2021-06-17,567.0,705.5554739171728
2021-06-18,559.0,609.3426654674569
2021-06-19,529.0,619.9217512134875
2021-06-20,513.0,620.4876019176211
2021-06-21,502.0,566.8808538009511
2021-06-22,473.0,567.2318691176088
2021-06-23,457.0,553.2102728811587
2021-06-24,436.0,506.9677933369705
2021-06-25,417.0,506.95592034908765
2021-06-26,425.0,477.025500251345
2021-06-27,436.0,461.7401596792293
2021-06-28,410.0,495.0950357178911
2021-06-29,428.0,504.5810782657102
2021-06-30,433.0,446.4341248092001
2021-07-01,405.0,514.7809037372214
2021-07-02,380.0,498.6648166082321
2021-07-03,357.0,443.43869003469456
2021-07-04,338.0,425.0522737092143
2021-07-05,330.0,398.88397988214314
2021-07-06,306.0,382.28290415155203
2021-07-07,291.0,380.55389621925855
2021-07-08,300.0,337.9196362847172
2021-07-09,278.0,336.1789026444533
2021-07-10,270.0,366.8841301722336
2021-07-11,256.0,312.1226735009307
2021-07-12,246.0,325.2938884282501
2021-07-13,244.0,301.45234249847636
2021-07-14,235.0,297.4410458912634
2021-07-15,227.0,302.1319416377265
2021-07-16,213.0,283.3590562826368
2021-07-17,206.0,278.74142658989575
2021-07-18,202.0,258.1296070585033
2021-07-19,189.0,258.6770743744975
2021-07-20,184.0,255.49013992151362
2021-07-21,190.0,232.48896970981664
2021-07-22,190.0,236.68223238842958
2021-07-23,190.0,251.3236257749814
2021-07-24,189.0,244.07078940347625
2021-07-25,187.0,245.8258662903759
2021-07-26,173.0,243.5464561116472
2021-07-27,160.0,240.89547053977088
2021-07-28,152.0,214.7880891137721
2021-07-29,150.0,203.0141965171192
2021-07-30,140.0,197.47186674872853
2021-07-31,135.0,198.67662030990886
2021-08-01,139.0,179.1338528880352
2021-08-02,144.0,180.16457645187634
2021-08-03,137.0,191.90894210038715
2021-08-04,136.0,196.74025020552244
2021-08-05,137.0,178.74343959626177
2021-08-06,132.0,185.54181590573447
2021-08-07,124.0,186.82441596966703
2021-08-08,121.0,175.21353377628438
2021-08-09,121.0,164.28882368446895
2021-08-10,119.0,164.94342984038312
2021-08-11,116.0,166.1095380532271
2021-08-12,118.0,160.97237112725296
2021-08-13,131.0,156.85835901477952
2021-08-14,132.0,163.50599926345754
2021-08-15,119.0,186.10598415193127
2021-08-16,115.0,173.72617638484877
2021-08-17,112.0,149.74135951280022
2021-08-18,106.0,155.78978332063483
2021-08-19,98.9,150.22806822316838
2021-08-20,92.1,139.89875690716266
2021-08-21,91.9,130.46024876000433
2021-08-22,88.5,123.15709361674118
2021-08-23,87.2,129.2775987510756
2021-08-24,82.4,121.15173901164262
2021-08-25,78.7,122.41296372732842
2021-08-26,66.2,113.73482891353453
2021-08-27,56.3,111.72926086349366
2021-08-28,55.1,90.24235952984756
2021-08-29,61.4,83.4584312343105
2021-08-30,60.6,88.80225718995924
2021-08-31,50.7,100.01264454474102
2021-09-01,45.9,91.5009544855696
2021-09-02,43.8,74.76523450993176
2021-09-03,39.4,76.72813507646404
2021-09-04,38.2,75.56308532113329
2021-09-05,57.2,67.70087224092624
2021-09-06,68.4,69.01720632111804
2021-09-07,70.3,106.56657339517275
2021-09-08,70.1,107.57808565190668
2021-09-09,82.5,103.6596437894028
2021-09-10,86.3,103.23598976889778
2021-09-11,90.3,127.44573364025544
2021-09-12,83.7,119.84965058800387
2021-09-13,75.4,124.3300877162653
2021-09-14,165.0,106.11339189126016
2021-09-15,187.0,97.12297624402254
2021-09-16,167.0,280.1061650121022
2021-09-17,166.0,219.52110765667604
2021-09-18,155.0,177.81036155635908
2021-09-19,149.0,201.2970333939281
2021-09-20,148.0,173.57387556637877
2021-09-21,147.0,172.06805746403697
2021-09-22,144.0,166.20961207400376
2021-09-23,142.0,162.4410783149828
2021-09-24,176.0,159.2989389015398
2021-09-25,343.0,158.71357783854083
2021-09-26,494.0,227.94328770865545
2021-09-27,495.0,518.2554544274847
2021-09-28,518.0,636.9793896870848
2021-09-29,546.0,512.316944395226
2021-09-30,576.0,590.2366911090115
2021-10-01,594.0,611.1564648031208
2021-10-02,595.0,633.9831357527333
2021-10-03,593.0,624.5255140835538
2021-10-04,588.0,599.8995089001876
2021-10-05,577.0,597.2096313311813
2021-10-06,568.0,585.9587002803257
2021-10-07,554.0,565.7242732741485
2021-10-08,541.0,556.0024014787092
2021-10-09,525.0,534.57777140557
2021-10-10,508.0,524.1693238879542
2021-10-11,495.0,505.7533061397449
2021-10-12,483.0,488.0771117424553
2021-10-13,469.0,479.3934523306386
2021-10-14,463.0,468.00806285151344
2021-10-15,464.0,453.1048181994773
2021-10-16,585.0,456.2547398228966
2021-10-17,652.0,463.72767192968587
2021-10-18,670.0,701.5089426805596
2021-10-19,691.0,699.998596926878
2021-10-20,712.0,692.5458260704837
2021-10-21,734.0,729.0852797853955
2021-10-22,730.0,747.3752601638848
2021-10-23,711.0,767.4268506447577
2021-10-24,700.0,727.5896255749735
2021-10-25,684.0,693.1975533680588
2021-10-26,657.0,688.7689546470307
2021-10-27,636.0,662.1126554067455
2021-10-28,616.0,622.3947054423812
2021-10-29,598.0,606.319688159635
2021-10-30,766.0,585.2359499962165
2021-10-31,941.0,571.0538372414792
2021-11-01,976.0,919.9522813240321
2021-11-02,1010.0,1075.036017559465
2021-11-03,1030.0,994.7907613650625
2021-11-04,1030.0,1066.0223636006176
2021-11-05,1020.0,1070.5391284977702
2021-11-06,1000.0,1049.453847024536
2021-11-07,979.0,1015.1156905729256
2021-11-08,955.0,970.4364702667675
2021-11-09,931.0,944.9112834140847
2021-11-10,901.0,913.1133118577987
2021-11-11,900.0,886.6128308944668
2021-11-12,985.0,849.7365917015035
2021-11-13,991.0,877.8361798703755
2021-11-14,1010.0,1043.827735064758
2021-11-15,1020.0,965.8671291175272
2021-11-16,1010.0,1022.1580745385281
2021-11-17,1030.0,1023.5194141444877
2021-11-18,1080.0,998.4213692038438
2021-11-19,1070.0,1049.3820985245688
2021-11-20,1070.0,1115.2713215675396
2021-11-21,1110.0,1044.0298245025465
2021-11-22,1150.0,1066.1290199989126
2021-11-23,1130.0,1140.2793921583554
2021-11-24,1140.0,1173.8785868492496
2021-11-25,1160.0,1097.5141841873528
2021-11-26,1190.0,1145.348906387773
2021-11-27,1160.0,1168.6516277219496
2021-11-28,1130.0,1206.9847800140728
2021-11-29,1100.0,1116.1261951167976
2021-11-30,1060.0,1095.3653716525178
2021-12-01,1070.0,1062.9936976386782
2021-12-02,1040.0,1009.6929135621436
2021-12-03,997.0,1066.6175598655645
2021-12-04,967.0,986.4010544381066
2021-12-05,985.0,943.4092328681872
2021-12-06,1070.0,929.8077502832763
2021-12-07,1060.0,992.8103038117764
2021-12-08,1040.0,1137.583153706614
2021-12-09,1030.0,1029.714807201628
2021-12-10,1060.0,1027.7880417238846
2021-12-11,1130.0,1030.7198759792109
2021-12-12,1140.0,1096.5170546516893
2021-12-13,1140.0,1195.711140771484
2021-12-14,1130.0,1138.9426920353656
2021-12-15,1140.0,1146.676308690307
2021-12-16,1160.0,1129.8331420465565
2021-12-17,1150.0,1159.3202956489622
2021-12-18,1150.0,1180.834921549651
2021-12-19,1150.0,1135.921050653167
2021-12-20,1140.0,1152.2458719796857
2021-12-21,1120.0,1150.7387337701161
2021-12-22,1120.0,1132.05742733731
2021-12-23,1080.0,1103.3792826396761
2021-12-24,1050.0,1122.4506721792918
2021-12-25,1010.0,1040.7679585467254
2021-12-26,988.0,1028.6284168525854
2021-12-27,964.0,974.9153442531726
2021-12-28,947.0,971.8156052511657
2021-12-29,928.0,943.0811115266773
2021-12-30,902.0,934.4110762013461
2021-12-31,886.0,916.4603374915374
2022-01-01,865.0,887.6983852476021
2022-01-02,844.0,886.1210057395643
2022-01-03,816.0,860.1680338289713
2022-01-04,789.0,842.4756565754806
2022-01-05,765.0,809.0438317608914
2022-01-06,741.0,785.815645117814
2022-01-07,718.0,765.6902050347599
2022-01-08,696.0,742.0102796422922
2022-01-09,677.0,721.5298154688816
2022-01-10,659.0,702.1374295036628
2022-01-11,643.0,688.2527598729289
2022-01-12,626.0,673.1185450976375
2022-01-13,610.0,661.2467310152798
2022-01-14,594.0,645.239025734937
2022-01-15,579.0,632.7154374700536
2022-01-16,566.0,618.5455968087192
2022-01-17,558.0,606.2993787998171
2022-01-18,547.0,596.6730755387176
2022-01-19,534.0,594.7424880633606
2022-01-20,522.0,581.8832010763609
2022-01-21,510.0,569.5596279315625
2022-01-22,498.0,560.496388727419
2022-01-23,487.0,549.6346185081724
2022-01-24,476.0,538.886132732927
2022-01-25,465.0,529.7919672052456
2022-01-26,454.0,519.8687779302586
2022-01-27,444.0,510.3304916625714
2022-01-28,433.0,500.69148598400096
2022-01-29,423.0,492.993218853031
2022-01-30,414.0,482.1902605277475
2022-01-31,404.0,474.65982056813704
2022-02-01,395.0,467.74242764208265
2022-02-02,387.0,457.96065601808647
2022-02-03,380.0,451.4731263889505
2022-02-04,372.0,445.47774873535053
2022-02-05,365.0,440.6395254836473
2022-02-06,361.0,432.85639364398
2022-02-07,366.0,428.3109656135284
2022-02-08,377.0,428.30142478008634
2022-02-09,387.0,442.7840589248799
2022-02-10,393.0,459.64849816170914
2022-02-11,393.0,469.9635951835982
2022-02-12,388.0,474.8071612907961
2022-02-13,383.0,471.5557758120027
2022-02-14,380.0,463.5827913375547
2022-02-15,382.0,458.892575791989
2022-02-16,393.0,456.6343097283731
2022-02-17,412.0,462.4209353786571
2022-02-18,424.0,481.4269394324838
2022-02-19,426.0,507.92577187095645
2022-02-20,422.0,514.2331890005421
2022-02-21,420.0,510.3661624075837
2022-02-22,437.0,503.48850052062267
2022-02-23,464.0,504.11263159213473
2022-02-24,471.0,537.807907018123
2022-02-25,472.0,570.2621693012725
2022-02-26,471.0,557.8514781429736
2022-02-27,468.0,558.9762350298608
2022-02-28,465.0,557.5494447276636
2022-03-01,463.0,552.5288047113504
2022-03-02,462.0,548.0762250521059
2022-03-03,461.0,544.9952386153174
2022-03-04,462.0,544.7324765496169
2022-03-05,467.0,544.1255280290504
2022-03-06,479.0,547.7957978229258
2022-03-07,497.0,557.1509850821541
2022-03-08,513.0,576.2704267017452
2022-03-09,523.0,600.3861569332481
2022-03-10,531.0,615.4830912059263
2022-03-11,533.0,622.0288915389267
2022-03-12,533.0,630.205846089562
2022-03-13,532.0,626.6651048508767
2022-03-14,531.0,624.8313597159304
2022-03-15,534.0,621.473273060411
2022-03-16,544.0,619.2264335850078
2022-03-17,572.0,625.3331710980428
2022-03-18,607.0,641.1069281127782
2022-03-19,633.0,686.0572011551482
2022-03-20,644.0,726.5320872701178
2022-03-21,648.0,745.9064011568968
2022-03-22,651.0,746.9639840686112
2022-03-23,658.0,747.6190456036051
2022-03-24,683.0,749.2970590444796
2022-03-25,723.0,757.0643347620905
2022-03-26,743.0,795.610209224682
2022-03-27,747.0,845.8105491887032
2022-03-28,744.0,845.7645905798831
2022-03-29,752.0,840.4957964435041
2022-03-30,784.0,833.501816039495
2022-03-31,855.0,851.3294156814003
2022-04-01,940.0,901.448107302331
2022-04-02,1010.0,1004.0692926181998
2022-04-03,1070.0,1098.5401466346696
2022-04-04,1160.0,1158.240437726427
2022-04-05,1260.0,1217.337356617167
2022-04-06,1380.0,1340.0595827318687
2022-04-07,1580.0,1443.455353958607
2022-04-08,1910.0,1579.7964701451608
2022-04-09,2420.0,1852.5404850864527
2022-04-10,3100.0,2296.9490392693474
2022-04-11,3790.0,2969.5793623341688
2022-04-12,4380.0,3803.0433633942002
2022-04-13,4920.0,4505.364635386504
2022-04-14,5770.0,5032.086213618685
2022-04-15,6780.0,5557.0535375417085
2022-04-16,7480.0,6703.198966900955
2022-04-17,7760.0,7787.450801673221
2022-04-18,7810.0,8150.47794809462
2022-04-19,7750.0,8070.276522519742
2022-04-20,7570.0,7927.202851267516
2022-04-21,7550.0,7718.956023545013
2022-04-22,7520.0,7327.876362889094
2022-04-23,7330.0,7368.870138733226
2022-04-24,7150.0,7226.346871286331
2022-04-25,7070.0,6868.40100623955
2022-04-26,7240.0,6727.580286667325
2022-04-27,8100.0,6739.208887206603
2022-04-28,8160.0,7143.122339730814
2022-04-29,7920.0,8643.63881458688
2022-04-30,7620.0,7864.796933948457
2022-05-01,7350.0,7568.05206633164
2022-05-02,7120.0,7256.202354867424
2022-05-03,6980.0,6980.531818121141
2022-05-04,6700.0,6722.734872333133
2022-05-05,6330.0,6574.097197201891
2022-05-06,5880.0,6135.444855356805
2022-05-07,5460.0,5723.893232009826
2022-05-08,5070.0,5219.781811164911
2022-05-09,4720.0,4839.201010620176
2022-05-10,4410.0,4464.694436720243
2022-05-11,4110.0,4145.166118780315
2022-05-12,3820.0,3888.5654846281013
2022-05-13,3550.0,3617.614681942046
2022-05-14,3310.0,3366.79063301272
2022-05-15,3140.0,3140.9625320787472
2022-05-16,2970.0,2949.9246786579456
2022-05-17,2720.0,2863.7078535674987
2022-05-18,2550.0,2703.291713712095
2022-05-19,2370.0,2399.665324821398
2022-05-20,2320.0,2338.429851810533
2022-05-21,2430.0,2142.8544580351218
2022-05-22,2280.0,2232.5804876375914
2022-05-23,2150.0,2483.524423082911
2022-05-24,2030.0,2077.4254623489037
2022-05-25,1930.0,2044.5213193816564
2022-05-26,2040.0,1929.5899777544407
2022-05-27,3290.0,1848.092194045028
2022-05-28,3680.0,2151.211771953433
2022-05-29,3860.0,4459.913597665652
2022-05-30,3870.0,3875.0070785992843
2022-05-31,3790.0,4121.446490540853
2022-06-01,3650.0,4015.6051356879593
2022-06-02,3480.0,3856.9258402657556
2022-06-03,3340.0,3618.4750057070582
2022-06-04,3260.0,3301.260138862869
2022-06-05,3120.0,3145.7959020745466
2022-06-06,2950.0,3089.9568059398925
2022-06-07,2820.0,2875.181691069709
2022-06-08,2720.0,2692.7849695649184
2022-06-09,2950.0,2611.1679705547513
2022-06-10,2900.0,2539.9021831424643
2022-06-11,2850.0,3103.2586668220783
2022-06-12,2770.0,2742.226881773728
2022-06-13,2710.0,2780.4572159561417
2022-06-14,2650.0,2679.8890775205477
2022-06-15,2570.0,2646.1600451496297
2022-06-16,2520.0,2578.1701104401413
2022-06-17,2480.0,2455.5678160684324
2022-06-18,2460.0,2438.2126092548906
2022-06-19,2560.0,2402.665881771374
2022-06-20,2490.0,2404.836268130411
2022-06-21,2410.0,2621.086652297736
2022-06-22,2280.0,2373.501172925699
2022-06-23,2130.0,2327.47077264028
2022-06-24,2000.0,2148.0260493936516
2022-06-25,1880.0,1979.9475088772772
2022-06-26,1890.0,1860.6767623739104
2022-06-27,1930.0,1728.858427071467
2022-06-28,1850.0,1862.9767724367798
2022-06-29,1790.0,1915.1955330614257
2022-06-30,1740.0,1734.4713671156196
2022-07-01,1670.0,1733.121118261216
2022-07-02,1570.0,1692.936908938258
2022-07-03,1460.0,1605.6752811251436
2022-07-04,1370.0,1476.2613605471024
2022-07-05,1520.0,1353.7568072455074
2022-07-06,1580.0,1283.8401771595054
2022-07-07,1550.0,1660.0571917276075
2022-07-08,1470.0,1596.080390151725
2022-07-09,1410.0,1519.0152921128454
2022-07-10,1340.0,1418.0364281371744
2022-07-11,1290.0,1387.4691442561623
2022-07-12,1250.0,1299.3156204891338
2022-07-13,1170.0,1251.2003182674457
2022-07-14,1110.0,1208.3972594896377
2022-07-15,1050.0,1089.324441316284
2022-07-16,988.0,1060.1713491177536
2022-07-17,939.0,996.0545503232778
2022-07-18,1020.0,934.0615275729501
2022-07-19,1060.0,898.6442675461592
2022-07-20,1070.0,1105.8205038924448
2022-07-21,1190.0,1092.2013324734828
2022-07-22,1160.0,1095.69132025797
2022-07-23,1150.0,1334.9414882352037
2022-07-24,1390.0,1146.2265074037448
2022-07-25,1350.0,1190.0853750627596
2022-07-26,1310.0,1653.7966387601289
2022-07-27,1280.0,1297.0451893669376
2022-07-28,1240.0,1319.760568697007
2022-07-29,1170.0,1279.198705421913
2022-07-30,1090.0,1220.507029781721
2022-07-31,1030.0,1115.55612966403
2022-08-01,977.0,1007.7390465361277
2022-08-02,915.0,967.3763543833519
2022-08-03,868.0,916.2089275878595
2022-08-04,810.0,844.6705368715058
2022-08-05,765.0,816.8282042114364
2022-08-06,729.0,748.9809049358664
2022-08-07,696.0,723.4229310463605
2022-08-08,863.0,698.5639706644607
2022-08-09,828.0,669.7949856000848
2022-08-10,842.0,1033.8237543851724
2022-08-11,872.0,775.9021276229614
2022-08-12,841.0,891.4852535678798
2022-08-13,812.0,925.978345969118
2022-08-14,783.0,834.122323083482
2022-08-15,744.0,817.348614509247
2022-08-16,703.0,769.5436358221452
2022-08-17,799.0,719.2256424982613
2022-08-18,821.0,673.2592191174472
2022-08-19,799.0,896.5431132453333
2022-08-20,780.0,825.7871551425839
2022-08-21,806.0,786.2757751884025
2022-08-22,770.0,780.1585408306814
2022-08-23,741.0,849.2765872457002
2022-08-24,702.0,744.6563071763934
2022-08-25,673.0,726.4319752584623
2022-08-26,663.0,671.1786629078041
2022-08-27,637.0,652.0181247927233
2022-08-28,614.0,656.5284515162313
2022-08-29,600.0,608.6511013851929
2022-08-30,602.0,594.3222436282041
2022-08-31,587.0,589.2337327553336
2022-09-01,559.0,608.110789543315
2022-09-02,555.0,576.2668754513435
2022-09-03,540.0,540.050301397006
2022-09-04,523.0,561.9883635081021
2022-09-05,507.0,532.1047089999935
2022-09-06,491.0,515.7157275039649
2022-09-07,474.0,499.625868545621
2022-09-08,461.0,483.24370310593207
2022-09-09,447.0,466.0701601535307
2022-09-10,431.0,456.36118073893704
2022-09-11,416.0,440.7578793125566
2022-09-12,405.0,423.5599097777719
2022-09-13,397.0,410.2533039603422
2022-09-14,353.0,403.30140226546615
2022-09-15,324.0,397.94378142112816
2022-09-16,308.0,319.01692514484347
2022-09-17,294.0,310.90175807678975
2022-09-18,278.0,302.3218495411441
2022-09-19,270.0,287.5426495669019
2022-09-20,264.0,270.01099466089715
2022-09-21,295.0,270.9209599137079
2022-09-22,298.0,268.5875049884687
2022-09-23,264.0,337.3369827191396
2022-09-24,266.0,308.81972863404087
2022-09-25,272.0,247.86925430973048
2022-09-26,361.0,291.11459924558386
2022-09-27,361.0,291.66399674171316
2022-09-28,354.0,460.7356633182497
2022-09-29,352.0,360.10690086032565
2022-09-30,344.0,368.80084049799507
2022-10-01,329.0,372.8332396904312
2022-10-02,321.0,354.76744222401857
2022-10-03,313.0,330.88678191272584
2022-10-04,306.0,322.44610570205407
2022-10-05,296.0,312.03166269805257
2022-10-06,292.0,306.49231188618444
2022-10-07,294.0,293.41374224383185
2022-10-08,285.0,295.9246180051925
2022-10-09,274.0,303.50138615835004
2022-10-10,264.0,283.7583608597483
2022-10-11,258.0,274.59834971367
2022-10-12,255.0,265.7448648635598
2022-10-13,266.0,263.3100577595349
2022-10-14,816.0,262.2833779546481
2022-10-15,882.0,286.2080128492143
2022-10-16,951.0,1356.5633955601554
2022-10-17,1110.0,874.9571225088404
2022-10-18,2030.0,1077.2344139632055
2022-10-19,2560.0,1316.6939527318068
2022-10-20,2880.0,2951.6234387087306
2022-10-21,3030.0,2987.8430071149714
2022-10-22,3030.0,3205.1313156631545
2022-10-23,2990.0,3243.672782999619
2022-10-24,2950.0,3112.698700737051
2022-10-25,2890.0,3016.3958121628375
2022-10-26,3240.0,2881.8978790452716
2022-10-27,3230.0,2743.1337127727584
2022-10-28,3150.0,3459.7470400975867
2022-10-29,3010.0,3027.7771254016716
2022-10-30,2860.0,2974.5756692766845
2022-10-31,2700.0,2784.2671519789533
2022-11-01,2510.0,2623.78359806493
2022-11-02,2360.0,2448.75991247721
2022-11-03,2210.0,2197.374817563354
2022-11-04,2080.0,2087.1545861583722
2022-11-05,1960.0,1930.7442196410082
2022-11-06,1850.0,1828.6701101017418
2022-11-07,1680.0,1724.365461960924
2022-11-08,1590.0,1634.2297148672117
2022-11-09,1510.0,1418.2728346652123
2022-11-10,1430.0,1429.1591677455742
2022-11-11,1680.0,1350.6831761966619
2022-11-12,1870.0,1279.989423982227
2022-11-13,2050.0,1859.053932110116
2022-11-14,2100.0,1949.0956935087424
2022-11-15,2130.0,2173.1671307620427
2022-11-16,2200.0,2122.3210130062193
2022-11-17,2160.0,2168.1501083643852
2022-11-18,2100.0,2275.833080422995
2022-11-19,2040.0,2094.7356147575347
2022-11-20,1980.0,2016.4940568611294
2022-11-21,1900.0,1936.2802001045254
2022-11-22,1820.0,1863.4342011403273
2022-11-23,1740.0,1755.8101303176218
2022-11-24,1690.0,1670.459428398015
2022-11-25,1640.0,1589.6845150697504
2022-11-26,1600.0,1573.1389728370052
2022-11-27,1560.0,1522.9546462755345
2022-11-28,1530.0,1500.462238606975
2022-11-29,1500.0,1466.5355959947287
2022-11-30,1980.0,1453.9305122315254
2022-12-01,2100.0,1429.5531587902788
2022-12-02,2280.0,2407.4543538331504
2022-12-03,2570.0,2105.571975830803
2022-12-04,2690.0,2453.0932880303503
2022-12-05,2750.0,2846.0246380111803
2022-12-06,3080.0,2791.9795949920504
2022-12-07,3850.0,2833.0438924211876
2022-12-08,4120.0,3391.429660617002
2022-12-09,4160.0,4528.42321172621
2022-12-10,4040.0,4255.613091740249
2022-12-11,3890.0,4191.551860416848
2022-12-12,3740.0,3941.703606394999
2022-12-13,3580.0,3753.55661812837
2022-12-14,3440.0,3542.8293263570426
2022-12-15,3290.0,3294.214548912965
2022-12-16,3120.0,3144.556797822461
2022-12-17,3040.0,2974.577868329755
2022-12-18,2920.0,2796.826856248252
2022-12-19,2760.0,2816.703439663573
2022-12-20,2620.0,2651.522682509296
2022-12-21,2450.0,2478.8280869558794
2022-12-22,2320.0,2381.0562964514766
2022-12-23,2590.0,2187.222129279848
2022-12-24,2530.0,2110.0568689197526
2022-12-25,2450.0,2760.023005768617
2022-12-26,2390.0,2327.4164656671933
2022-12-27,2290.0,2328.9780032868243
2022-12-28,2240.0,2296.892901042719
2022-12-29,2190.0,2158.690550449136
2022-12-30,2200.0,2164.0955944077577
2022-12-31,2500.0,2077.797470794097
2023-01-01,2760.0,2151.7324174152386
2023-01-02,2890.0,2729.5096846462448
2023-01-03,2960.0,2916.9803596614156
2023-01-04,2960.0,2967.9479090740915
2023-01-05,2920.0,3023.362290906619
2023-01-06,2860.0,2968.1209850011473
2023-01-07,2750.0,2893.098889232938
2023-01-08,2650.0,2784.0341190346157
2023-01-09,2550.0,2598.20161629696
2023-01-10,2390.0,2498.0198151956447
2023-01-11,2270.0,2381.6988380745483
2023-01-12,2250.0,2158.792492119789
2023-01-13,2230.0,2086.5145384262246
2023-01-14,2120.0,2154.1746165587338
2023-01-15,2020.0,2128.112616688187
2023-01-16,1990.0,1949.6355976233763
2023-01-17,1930.0,1888.4438391745773
2023-01-18,1860.0,1932.0264130180203
2023-01-19,1780.0,1836.5580446298563
2023-01-20,1710.0,1765.982686336366
2023-01-21,1630.0,1679.3597901615196
2023-01-22,1570.0,1626.9013096814351
2023-01-23,1510.0,1539.5736776618758
2023-01-24,1380.0,1500.6958009438797
2023-01-25,1310.0,1439.0783972286313
2023-01-26,1350.0,1246.2462104196761
2023-01-27,1300.0,1251.08771533928
2023-01-28,1260.0,1386.365015015925
2023-01-29,1220.0,1237.8805345540252
2023-01-30,1180.0,1236.3939792186522
2023-01-31,1140.0,1199.1061388330636
2023-02-01,1100.0,1167.9895741010832
2023-02-02,1010.0,1131.0590864185453
2023-02-03,995.0,1086.7877462808874
2023-02-04,992.0,951.4811999614991
2023-02-05,973.0,1018.7755161888985
2023-02-06,955.0,1013.2253689590931
2023-02-07,939.0,983.0017059151229
2023-02-08,922.0,974.4492222752989
2023-02-09,907.0,964.3105910717543
2023-02-10,891.0,953.6911750966899
2023-02-11,876.0,941.6220732633491
2023-02-12,860.0,924.491409548811
2023-02-13,844.0,912.2340167116776
2023-02-14,827.0,896.474139183601
2023-02-15,812.0,881.9140659494155
2023-02-16,799.0,865.1608743043308
2023-02-17,789.0,852.8511135022641
2023-02-18,785.0,842.7521223332193
2023-02-19,781.0,836.8932742545442
2023-02-20,772.0,839.8943682006445
2023-02-21,760.0,836.8714148539844
2023-02-22,746.0,825.4596556178126
2023-02-23,732.0,813.2930124425229
2023-02-24,718.0,798.9065541258083
2023-02-25,706.0,785.7048866959644
2023-02-26,693.0,771.68777784374
2023-02-27,681.0,761.8274671357018
2023-02-28,670.0,748.2883607846646
2023-03-01,662.0,738.6231389897201
2023-03-02,658.0,729.6798959146519
2023-03-03,648.0,725.7589112389416
2023-03-04,638.0,726.5744827116987
2023-03-05,628.0,711.7240111745765
2023-03-06,619.0,704.5574804850866
2023-03-07,611.0,695.535649315938
2023-03-08,603.0,688.3358692257225
2023-03-09,596.0,681.7533690418245
2023-03-10,590.0,674.1053982946379
2023-03-11,584.0,669.1437524024699
2023-03-12,579.0,664.9898083004337
2023-03-13,575.0,659.9020588728266
2023-03-14,571.0,656.9023176916498
2023-03-15,569.0,654.6173341150742
2023-03-16,580.0,651.4350402386879
2023-03-17,612.0,652.3356489237365
2023-03-18,620.0,676.3782313305022
2023-03-19,614.0,727.638962489644
2023-03-20,623.0,711.3074251843605
2023-03-21,623.0,699.1760752500514
2023-03-22,631.0,725.2667203425331
2023-03-23,646.0,712.8869899366558
2023-03-24,641.0,729.4511251536812
2023-03-25,662.0,747.34846740607
2023-03-26,689.0,722.2689051614185
2023-03-27,689.0,773.3353374082345
2023-03-28,689.0,800.6326864455648
2023-03-29,689.0,775.5478594783092
2023-03-30,689.0,781.2317541690647
2023-03-31,689.0,779.2953956923335
2023-04-01,689.0,779.085563163758
2023-04-02,677.0,776.9787176856107
2023-04-03,684.0,774.8770495408704
2023-04-04,671.0,751.5380610069964
2023-04-05,690.0,778.9174217106557
2023-04-06,692.0,742.6929169647885
2023-04-07,689.0,796.9791621163262
2023-04-08,699.0,776.5572001680118
2023-04-09,726.0,773.9868757530886
2023-04-10,873.0,798.5723982401568
2023-04-11,1110.0,839.062466896861
2023-04-12,1480.0,1101.3532827333233
2023-04-13,2250.0,1408.2792039550354
2023-04-14,3220.0,1907.4438541462098
2023-04-15,4190.0,3064.4592004629167
2023-04-16,5190.0,4194.550348426027
2023-04-17,7000.0,5192.604159643741
2023-04-18,8150.0,6275.692266205562
2023-04-19,8440.0,8893.693935527564
2023-04-20,8300.0,9288.952166230272
2023-04-21,8260.0,8897.3979090306
2023-04-22,8410.0,8417.81612576329
2023-04-23,8570.0,8393.66282905942
2023-04-24,8470.0,8536.924132011489
2023-04-25,8160.0,8492.997695684893
2023-04-26,7780.0,8058.886333600482
2023-04-27,7420.0,7581.318217955383
2023-04-28,7050.0,7167.3285712481575
2023-04-29,6700.0,6812.650801943993
2023-04-30,6550.0,6393.330718363024
2023-05-01,6670.0,6042.016101427947
2023-05-02,6510.0,6094.6554374117395
2023-05-03,6200.0,6472.621646417044
2023-05-04,5830.0,6045.4234894986275
2023-05-05,5450.0,5694.333051728846
2023-05-06,5090.0,5311.954942742926
2023-05-07,4720.0,4934.479721335528
2023-05-08,4380.0,4579.569378935585
2023-05-09,4060.0,4166.909485865126
2023-05-10,3760.0,3856.2004080997285
2023-05-11,3490.0,3561.7649302891514
2023-05-12,3270.0,3297.0855371232037
2023-05-13,3010.0,3073.897808900263
2023-05-14,2790.0,2918.139821390913
2023-05-15,2580.0,2636.3218359535226
2023-05-16,2360.0,2488.9724303155404
2023-05-17,2180.0,2299.714536136862
2023-05-18,2040.0,2085.724062211935
2023-05-19,1890.0,1959.9053090965526
2023-05-20,1890.0,1860.9749362805637
2023-05-21,1790.0,1710.3030803669478
2023-05-22,1710.0,1871.7266269546808
2023-05-23,1640.0,1663.723812741213
2023-05-24,1650.0,1644.4081092980205
2023-05-25,1650.0,1589.5158689131902
2023-05-26,1610.0,1681.8932944785042
2023-05-27,1540.0,1667.202698459274
2023-05-28,1470.0,1594.1169389931881
2023-05-29,1410.0,1510.2814774831859
2023-05-30,1340.0,1446.3615963280963
2023-05-31,1270.0,1392.8449259347208
2023-06-01,1210.0,1304.0735892563941
2023-06-02,1190.0,1231.9044933423827
2023-06-03,1140.0,1180.5821119995292
2023-06-04,1090.0,1200.6455628655133
2023-06-05,1100.0,1118.5201423303408
2023-06-06,1260.0,1079.469562358035
2023-06-07,1360.0,1150.5749451923298
2023-06-08,1420.0,1449.920183505895
2023-06-09,1480.0,1477.391201503153
2023-06-10,1510.0,1526.968356892873
2023-06-11,1520.0,1603.2546283509157
2023-06-12,1500.0,1606.7493728643014
2023-06-13,1460.0,1598.3542721986296
2023-06-14,1500.0,1535.4998515150453
2023-06-15,1490.0,1468.4601628832254
2023-06-16,1460.0,1578.2120780689836
2023-06-17,1980.0,1497.2501590773263
2023-06-18,2170.0,1457.103889934742
2023-06-19,2220.0,2509.772668897497
2023-06-20,2240.0,2295.300767928599
2023-06-21,2220.0,2317.1578373709126
2023-06-22,2160.0,2334.141212096241
2023-06-23,2090.0,2269.439520367808
2023-06-24,2070.0,2162.9247207832614
2023-06-25,2000.0,2037.2381954683226
2023-06-26,1950.0,2043.3051702667842
2023-06-27,1900.0,1906.5119180759953
2023-06-28,1960.0,1882.1953231897446
2023-06-29,2200.0,1826.8642855782548
2023-06-30,2110.0,1996.1556677837893
2023-07-01,2040.0,2396.6710704477473
2023-07-02,1950.0,1975.9750082127714
2023-07-03,1840.0,2007.6699656532344
2023-07-04,1730.0,1883.916984720365
2023-07-05,1630.0,1748.9535376200402
2023-07-06,1530.0,1624.8782673751705
2023-07-07,1480.0,1507.9497011956967
2023-07-08,1530.0,1407.7045994350983
2023-07-09,1400.0,1408.1317770677106
2023-07-10,1660.0,1550.8033976997651
2023-07-11,1690.0,1241.690363627173
2023-07-12,1660.0,1925.3529733620478
2023-07-13,1650.0,1670.8555598515163
2023-07-14,1600.0,1657.1246623586635
2023-07-15,1560.0,1676.849113964484
2023-07-16,1690.0,1572.5829593048331
2023-07-17,1640.0,1550.2503672663456
2023-07-18,1650.0,1814.8663480321904
2023-07-19,1590.0,1558.667377981304
2023-07-20,1550.0,1670.4775685965706
2023-07-21,1550.0,1526.673443673754
2023-07-22,1520.0,1519.594721076353
2023-07-23,1450.0,1549.9532792346915
2023-07-24,1380.0,1470.330724541991
2023-07-25,1310.0,1374.090509986285
2023-07-26,1240.0,1308.1219544981707
2023-07-27,1180.0,1236.5567063141696
2023-07-28,1110.0,1164.2317358784205
2023-07-29,1040.0,1109.5632965641942
2023-07-30,992.0,1027.5803745063122
2023-07-31,932.0,964.2319989968113
2023-08-01,870.0,939.7347521585352
2023-08-02,825.0,867.5608469985527
2023-08-03,813.0,809.8262659466623
2023-08-04,793.0,783.7999517627114
2023-08-05,769.0,804.1370932955206
2023-08-06,737.0,775.6523974618328
2023-08-07,818.0,754.361196627254
2023-08-08,1080.0,719.6275858966433
2023-08-09,1080.0,914.336414180447
2023-08-10,1410.0,1334.7686165171128
2023-08-11,1560.0,1063.6339141085082
2023-08-12,1720.0,1779.1575900526122
2023-08-13,1820.0,1698.1283659789333
2023-08-14,1850.0,1922.1325676860897
2023-08-15,1840.0,1955.6914435985957
2023-08-16,1800.0,1908.8046527751417
2023-08-17,1790.0,1864.472860039697
2023-08-18,2140.0,1766.4436041574443
2023-08-19,2110.0,1768.668154361409
2023-08-20,2080.0,2441.255412455932
2023-08-21,2010.0,1979.1479969523632
2023-08-22,1930.0,2041.587067955279
2023-08-23,1840.0,1925.2054617509193
2023-08-24,1790.0,1833.765936788457
2023-08-25,1760.0,1724.7184875131143
2023-08-26,1670.0,1681.4611637195712
2023-08-27,1600.0,1663.205165367815
2023-08-28,1530.0,1515.5600660193668
2023-08-29,1560.0,1481.713087629924
2023-08-30,1830.0,1409.5208996225278
2023-08-31,1840.0,1539.7343612756522
2023-09-01,1830.0,2027.689905586447
2023-09-02,1780.0,1763.476189953102
2023-09-03,1730.0,1810.4662211130892
2023-09-04,1650.0,1725.3041541750388
2023-09-05,1580.0,1677.5537363799601
2023-09-06,1540.0,1553.1652477393468
2023-09-07,1580.0,1469.6297269254676
2023-09-08,1500.0,1449.79111304028
2023-09-09,1410.0,1559.8656750643217
2023-09-10,1380.0,1355.1783874260407
2023-09-11,1350.0,1285.3877960909517
2023-09-12,1390.0,1314.0073026170394
2023-09-13,1590.0,1273.2768779428782
2023-09-14,1440.0,1386.4406734332276
2023-09-15,1370.0,1728.7072488933006
2023-09-16,1390.0,1229.6374126188264
2023-09-17,1360.0,1317.6795954817471
2023-09-18,1620.0,1393.8954818913078
2023-09-19,2130.0,1293.9311345390404
2023-09-20,2190.0,1840.2993993109692
2023-09-21,2230.0,2532.5873223416697
2023-09-22,2210.0,2160.3173729009586
2023-09-23,2150.0,2300.1383675889865
2023-09-24,2070.0,2210.6906517400894
2023-09-25,1980.0,2107.1842760497016
2023-09-26,1890.0,1974.9896884302632
2023-09-27,1800.0,1827.891467638638
2023-09-28,1720.0,1728.7611607788524
2023-09-29,1630.0,1628.4205878540085
2023-09-30,1540.0,1555.1847694030996
2023-10-01,1470.0,1455.9762771055093
2023-10-02,1390.0,1371.9570891445467
2023-10-03,1410.0,1328.0328650024744
2023-10-04,1350.0,1244.368455572472
2023-10-05,1290.0,1369.598222841581
2023-10-06,1220.0,1221.7166682625264
2023-10-07,2030.0,1188.8162344482585
2023-10-08,2080.0,1112.9320397550828
2023-10-09,2140.0,2777.6633731267043
2023-10-10,2130.0,1959.8544953174305
2023-10-11,2140.0,2229.6027132146637
2023-10-12,2120.0,2143.254268578301
2023-10-13,2040.0,2174.608445258233
2023-10-14,1990.0,2104.412198164601
2023-10-15,1970.0,1901.1884507954292
2023-10-16,1920.0,1880.9961343211917
2023-10-17,1860.0,1872.0286481153214
2023-10-18,1800.0,1786.52148050721
2023-10-19,1740.0,1721.580707895592
2023-10-20,1710.0,1662.7272350260546
2023-10-21,1760.0,1605.5348780187157
2023-10-22,1720.0,1613.243549242644
2023-10-23,1670.0,1736.2488374904738
2023-10-24,1630.0,1603.0963042125015
2023-10-25,1590.0,1570.790364426696
2023-10-26,1650.0,1544.059190022311
2023-10-27,1720.0,1502.8541635493937
2023-10-28,1690.0,1658.3906115341877
2023-10-29,1680.0,1717.4688519214112
2023-10-30,1660.0,1601.7738959529413
2023-10-31,1620.0,1637.821068073574
2023-11-01,1570.0,1602.8656559023932
2023-11-02,1540.0,1544.60197450758
2023-11-03,1500.0,1479.8688139511887
2023-11-04,1450.0,1462.217231734819
2023-11-05,1410.0,1409.2879993967917
2023-11-06,1420.0,1351.4293515968486
2023-11-07,1440.0,1322.8933163921283
2023-11-08,1410.0,1380.7781966777552
2023-11-09,1400.0,1405.7648273374693
2023-11-10,1380.0,1333.3841406187423
2023-11-11,1350.0,1358.5933185063122
2023-11-12,1320.0,1327.2905038261592
2023-11-13,1280.0,1291.7060966433685
2023-11-14,1260.0,1261.0091048176237
2023-11-15,1230.0,1208.0510075509644
2023-11-16,1210.0,1209.7223128642565
2023-11-17,1190.0,1165.8046591348082
2023-11-18,1170.0,1159.0660556084822
2023-11-19,1140.0,1139.1090958752497
2023-11-20,1110.0,1121.7953634609516
2023-11-21,1110.0,1085.6316649462435
2023-11-22,1100.0,1059.0975319069285
2023-11-23,1090.0,1089.1958537337841
2023-11-24,1050.0,1065.6447843747335
2023-11-25,1040.0,1061.062007634544
2023-11-26,1070.0,994.3505051091176
2023-11-27,1110.0,1020.6072579402792
2023-11-28,1080.0,1083.8137160047409
2023-11-29,1070.0,1128.2015900662168
2023-11-30,1050.0,1034.5725725827435
2023-12-01,1030.0,1060.3214386657085
2023-12-02,1010.0,1026.82584229217
2023-12-03,995.0,1007.5910172792678
2023-12-04,961.0,983.3616047522939
2023-12-05,897.0,969.5858404195034
2023-12-06,871.0,918.706886200582
2023-12-07,846.0,829.8243873582697
2023-12-08,832.0,845.1844438770453
2023-12-09,842.0,812.4328682808552
2023-12-10,1200.0,811.1956074196878
2023-12-11,1380.0,845.3485370394314
2023-12-12,1480.0,1541.6309330900003
2023-12-13,1550.0,1504.9552526805182
2023-12-14,1620.0,1594.61517501568
2023-12-15,1640.0,1660.228861339177
2023-12-16,1640.0,1733.542050498957
2023-12-17,2140.0,1696.7058769682985
2023-12-18,4050.0,1654.448302513301
2023-12-19,4530.0,2622.9834832780357
2023-12-20,4560.0,5809.492659754634
2023-12-21,4400.0,4735.749355546976
2023-12-22,4200.0,4724.75787279292
2023-12-23,4000.0,4439.383982928419
2023-12-24,3820.0,4164.066176154786
2023-12-25,3650.0,3858.107830819842
2023-12-26,3470.0,3511.900988110275
2023-12-27,3280.0,3297.6893630008667
2023-12-28,3080.0,3100.4199574211975
2023-12-29,2920.0,2913.517625763841
2023-12-30,2740.0,2717.7474572074643
2023-12-31,2560.0,2608.6743608257093
2024-01-01,2380.0,2416.3282563182497
2024-01-02,2230.0,2269.2249902513054
2024-01-03,2100.0,2104.208197819744
2024-01-04,1930.0,1994.6648424913228
2024-01-05,1760.0,1889.5014002315
2024-01-06,1630.0,1687.648411205715
2024-01-07,1510.0,1536.59043533261
2024-01-08,1410.0,1453.0673807293335
2024-01-09,1320.0,1344.3070412572843
2024-01-10,1260.0,1271.7539901064254
2024-01-11,1190.0,1197.2755383501292
2024-01-12,1130.0,1177.753814868305
2024-01-13,1080.0,1106.2102879063161
2024-01-14,1030.0,1068.6770846074783
2024-01-15,988.0,1034.8170817599905
2024-01-16,947.0,989.9189189931467
2024-01-17,909.0,962.0249826661261
2024-01-18,874.0,924.5903576386005
2024-01-19,844.0,893.954574884932
2024-01-20,816.0,864.852431492992
2024-01-21,790.0,842.3116387587141
2024-01-22,766.0,818.6750658223646
2024-01-23,743.0,797.353645151068
2024-01-24,722.0,777.9803027517582
2024-01-25,701.0,758.6290635116015
2024-01-26,682.0,742.0414849124717
2024-01-27,664.0,722.9988364322797
2024-01-28,647.0,708.202317285333
2024-01-29,630.0,692.8455973460924
2024-01-30,614.0,678.6772537797788
2024-01-31,598.0,663.4702589467099
2024-02-01,584.0,650.2703187097318
2024-02-02,570.0,635.8790940304317
2024-02-03,557.0,625.5045124427313
2024-02-04,544.0,612.774438310771
2024-02-05,532.0,602.4264755995706
2024-02-06,519.0,590.9010760686856
2024-02-07,508.0,581.4702014720912
2024-02-08,497.0,568.89382729705
2024-02-09,486.0,561.4297957935179
2024-02-10,475.0,551.4383067405588
2024-02-11,465.0,541.8747397791532
2024-02-12,456.0,532.2663623657345
2024-02-13,446.0,524.512030335786
2024-02-14,437.0,517.6441848421555
2024-02-15,428.0,507.770144971413
2024-02-16,419.0,501.2243856980753
2024-02-17,410.0,493.2504177284461
2024-02-18,401.0,485.5082861138123
2024-02-19,393.0,477.65133500227086
2024-02-20,385.0,469.7125747950608
2024-02-21,377.0,463.78359284495787
2024-02-22,369.0,456.6624391973812
2024-02-23,362.0,449.7868899478145
2024-02-24,354.0,442.87884370584806
2024-02-25,346.0,437.9057253690045
2024-02-26,339.0,429.82215319864497
2024-02-27,333.0,423.0285475881637
2024-02-28,326.0,417.9061701717186
2024-02-29,320.0,413.632009906247
2024-03-01,315.0,406.51536170968313
2024-03-02,340.0,402.6463611170538
2024-03-03,423.0,399.39724240678567
2024-03-04,530.0,454.2771714590154
2024-03-05,658.0,589.8485162219306
2024-03-06,757.0,715.2294076604448
2024-03-07,825.0,869.1022672061334
2024-03-08,900.0,946.2765881056986
2024-03-09,990.0,997.4723749162195
2024-03-10,1100.0,1084.7826307309701
2024-03-11,1150.0,1180.6744958151528
2024-03-12,1180.0,1299.8422745270213
2024-03-13,1240.0,1281.8978630164615
2024-03-14,1280.0,1299.4420483840418
2024-03-15,1330.0,1384.735580523292
2024-03-16,1380.0,1392.0364825905199
2024-03-17,1460.0,1449.4694501040403
2024-03-18,1480.0,1490.6881968302812
2024-03-19,1490.0,1598.9218820542935
2024-03-20,1520.0,1556.8906923363184
2024-03-21,1540.0,1567.4133607514923
2024-03-22,1510.0,1613.652919320617
2024-03-23,1540.0,1615.2317177041555
2024-03-24,1500.0,1535.785278585232
2024-03-25,1460.0,1626.687894703055
2024-03-26,1440.0,1504.441634963306
2024-03-27,1450.0,1477.3692056313675
2024-03-28,1620.0,1470.4719602235166
2024-03-29,1960.0,1502.2938160540034
2024-03-30,2070.0,1824.9206458529095
2024-03-31,2180.0,2306.7764807113845
2024-04-01,2270.0,2191.3414472034933
2024-04-02,2340.0,2370.8834805555857
2024-04-03,2370.0,2442.2638478356703
2024-04-04,2450.0,2491.948904444982
2024-04-05,2510.0,2468.239387390522
2024-04-06,2540.0,2573.959744635715
2024-04-07,2630.0,2594.870471964433
2024-04-08,2760.0,2593.0921866783915
2024-04-09,2860.0,2739.7601735110743
2024-04-10,3060.0,2892.4400743603355
2024-04-11,3570.0,2960.1543046689785
2024-04-12,5020.0,3265.419642714047
2024-04-13,6600.0,4062.6497119126393
2024-04-14,6900.0,6386.563972233197
2024-04-15,6810.0,7985.292728681804
2024-04-16,6510.0,7146.023088940481
2024-04-17,6170.0,6974.879178631159
2024-04-18,5880.0,6460.184738424366
2024-04-19,5640.0,5982.446169822918
2024-04-20,5370.0,5552.966833704352
2024-04-21,5070.0,5189.726035390314
2024-04-22,4780.0,4846.713810009416
2024-04-23,4500.0,4528.586189323416
2024-04-24,4260.0,4271.856879839847
2024-04-25,4000.0,4018.5558653017724
2024-04-26,3750.0,3834.227304100587
2024-04-27,3520.0,3574.009804118544
2024-04-28,3290.0,3369.9337444222215
2024-04-29,3110.0,3178.177909479507
2024-04-30,2920.0,2961.4134734395443
2024-05-01,2750.0,2844.6047583853774
2024-05-02,2590.0,2648.2057440379426
2024-05-03,2440.0,2516.4413924720666
2024-05-04,2320.0,2377.3658706174433
2024-05-05,2230.0,2248.937429210578
2024-05-06,2100.0,2169.1555435718374
2024-05-07,1990.0,2112.7996880072255
2024-05-08,1880.0,1951.7339638395856
2024-05-09,1780.0,1879.8965134346477
2024-05-10,1680.0,1772.8087882796635
2024-05-11,1590.0,1689.2423426046616
2024-05-12,1500.0,1591.9167728378845
2024-05-13,1430.0,1514.7745727845552
2024-05-14,1380.0,1429.5017735885997
2024-05-15,1380.0,1384.1098953939234
2024-05-16,1350.0,1355.3789389376093
2024-05-17,1310.0,1406.7304774632955
2024-05-18,1270.0,1347.5330579663503
2024-05-19,1230.0,1313.4037629562129
2024-05-20,1170.0,1280.954861716688
2024-05-21,1110.0,1242.960520545601
2024-05-22,1090.0,1163.8809197590103
2024-05-23,1070.0,1103.968019894528
2024-05-24,1010.0,1120.5012019809117
2024-05-25,967.0,1093.5683542416207
2024-05-26,940.0,998.6489014334608
2024-05-27,998.0,981.4560394878777
2024-05-28,944.0,967.4422639661211
2024-05-29,896.0,1107.2592894657448
2024-05-30,851.0,933.3054011471098
2024-05-31,811.0,917.971204625685
2024-06-01,772.0,873.7847842876678
2024-06-02,742.0,836.4402314873795
2024-06-03,709.0,795.390276748341
2024-06-04,669.0,767.3950204597492
2024-06-05,641.0,732.6630638757215
2024-06-06,614.0,689.4448505343707
2024-06-07,683.0,676.2919133066509
2024-06-08,815.0,648.9366216117671
2024-06-09,979.0,812.4890773488922
2024-06-10,1030.0,992.1541606976594
2024-06-11,1050.0,1189.532325015261
2024-06-12,1070.0,1141.6805323449878
2024-06-13,1060.0,1162.63704353136
2024-06-14,990.0,1184.9505229500942
2024-06-15,952.0,1132.8372268106423
2024-06-16,913.0,993.6832096371023
2024-06-17,865.0,977.8910313484276
2024-06-18,821.0,919.9237859198835
2024-06-19,764.0,858.1628249542839
2024-06-20,714.0,815.5866839675676
2024-06-21,677.0,743.8672990193832
2024-06-22,723.0,706.8366258131003
2024-06-23,1060.0,682.3032260568523
2024-06-24,991.0,809.1145134984849
2024-06-25,987.0,1418.659513890139
2024-06-26,1050.0,923.951773782104
2024-06-27,1150.0,1084.0302569400837
2024-06-28,1120.0,1189.951243087621
2024-06-29,1100.0,1309.3198197463287
2024-06-30,1060.0,1143.0774590763763
2024-07-01,1020.0,1133.719027861307
2024-07-02,989.0,1070.4874803237672
2024-07-03,980.0,1027.4213368531998
2024-07-04,932.0,993.2716064664658
2024-07-05,938.0,992.6740981323497
2024-07-06,965.0,904.1893272500054
2024-07-07,950.0,971.3844949908415
2024-07-08,937.0,1013.164848626312
2024-07-09,916.0,958.9587665785219
2024-07-10,956.0,959.986967308444
2024-07-11,1050.0,930.2913959169781
2024-07-12,1110.0,1032.8789757270772
2024-07-13,1150.0,1166.1725744936225
2024-07-14,1190.0,1187.1136056250866
2024-07-15,1220.0,1222.4611812738258
2024-07-16,1290.0,1268.825685012695
2024-07-17,1280.0,1289.2420134406675
2024-07-18,1230.0,1394.6763285467155
2024-07-19,1190.0,1291.832026528979
2024-07-20,1110.0,1214.0261774613793
2024-07-21,1050.0,1181.4913487006738
2024-07-22,997.0,1049.7160611151915
2024-07-23,944.0,1007.3717107231481
2024-07-24,943.0,945.4939772217951
2024-07-25,913.0,889.7682786451626
2024-07-26,829.0,942.2081838226502
2024-07-27,776.0,878.5566847539556
2024-07-28,730.0,756.8171690486513
2024-07-29,691.0,746.0677487511626
2024-07-30,659.0,699.4607100509928
2024-07-31,637.0,667.7800362078561
2024-08-01,617.0,639.9967001482405
2024-08-02,601.0,628.2669071318628
2024-08-03,567.0,614.5730775617884
2024-08-04,570.0,605.5995421876083
2024-08-05,538.0,556.2700920948964
2024-08-06,497.0,599.9338078032605
2024-08-07,465.0,527.788203536598
2024-08-08,456.0,486.4405067675179
2024-08-09,492.0,463.0061954258657
2024-08-10,456.0,472.02687155277727
2024-08-11,431.0,548.0931247107981
2024-08-12,407.0,435.7955254159683
2024-08-13,389.0,439.5847588363733
2024-08-14,375.0,413.72172031757447
2024-08-15,364.0,400.7833573895952
2024-08-16,352.0,387.7472362054783
2024-08-17,343.0,375.3951147507181
2024-08-18,337.0,364.14079574380634
2024-08-19,407.0,359.8388070927197
2024-08-20,422.0,357.11776216818816
2024-08-21,479.0,500.62060398450177
2024-08-22,560.0,451.2457068094013
2024-08-23,538.0,565.2148750242818
2024-08-24,522.0,663.9748390296842
2024-08-25,507.0,542.393528203586
2024-08-26,486.0,552.3380568245352
2024-08-27,491.0,524.8041439038983
2024-08-28,481.0,491.4026194519263
2024-08-29,468.0,514.4265872046554
2024-08-30,465.0,477.6543760985987
2024-08-31,483.0,466.9260161898212
2024-09-01,451.0,474.456496924578
2024-09-02,426.0,511.18762503642466
2024-09-03,413.0,429.59345633861153
2024-09-04,401.0,420.5935413780275
2024-09-05,393.0,415.6503690676082
2024-09-06,374.0,401.9596763418362
2024-09-07,368.0,396.8226267605384
2024-09-08,350.0,364.87947836202
2024-09-09,330.0,375.54793631888566
2024-09-10,317.0,344.22736949122833
2024-09-11,308.0,325.0983933874761
2024-09-12,300.0,318.579949635669
2024-09-13,288.0,311.4804026748306
2024-09-14,278.0,304.69353820709887
2024-09-15,272.0,289.2233108438521
2024-09-16,265.0,282.75357120347
2024-09-17,256.0,280.8557153769214
2024-09-18,246.0,272.5371826747538
2024-09-19,237.0,262.1306915561737
2024-09-20,225.0,251.65916855875832
2024-09-21,214.0,243.89101860193108
2024-09-22,208.0,228.78894484340788
2024-09-23,200.0,218.93081696402456
2024-09-24,191.0,217.15551950468932
2024-09-25,205.0,206.41908407277188
2024-09-26,238.0,197.3802984929596
2024-09-27,226.0,234.07509410201035
2024-09-28,220.0,282.2895058693182
2024-09-29,210.0,226.4373518743857
2024-09-30,206.0,236.73310701791067
2024-10-01,201.0,220.20408274402143
2024-10-02,197.0,221.6313717111389
2024-10-03,190.0,211.9282703934181
2024-10-04,235.0,206.30699778820804
2024-10-05,266.0,196.9525637405898
2024-10-06,266.0,293.0246833894699
2024-10-07,279.0,302.83961625414804
2024-10-08,266.0,280.0987049092191
2024-10-09,258.0,312.96539679317266
2024-10-10,245.0,271.55620545942037
2024-10-11,239.0,272.6562575349183
2024-10-12,233.0,247.75480305501296
2024-10-13,244.0,245.78316768860896
2024-10-14,339.0,237.45893515760082
2024-10-15,323.0,263.97159617906937
2024-10-16,322.0,438.7402938530287
2024-10-17,317.0,304.96707065816105
2024-10-18,315.0,346.0950948030793
2024-10-19,315.0,331.86716494637494
2024-10-20,314.0,331.95234853794824
2024-10-21,309.0,330.1991024103113
2024-10-22,315.0,320.53654364983396
2024-10-23,298.0,313.31556327948977
2024-10-24,286.0,330.7476069794802
2024-10-25,281.0,289.8026865190867
2024-10-26,271.0,287.13082169732286
2024-10-27,260.0,286.49927183984784
2024-10-28,256.0,270.1025346778286
2024-10-29,261.0,260.40127888597124
2024-10-30,259.0,262.6600314698053
2024-10-31,262.0,276.43905077446306
2024-11-01,269.0,267.68558078176477
2024-11-02,259.0,278.32381530356105
2024-11-03,253.0,289.54760609909107
2024-11-04,274.0,263.98628819270675
2024-11-05,280.0,265.5626585404804
2024-11-06,273.0,310.78802601009005
2024-11-07,270.0,297.8725730291034
2024-11-08,251.0,282.88038982156587
2024-11-09,252.0,285.90772154379323
2024-11-10,255.0,250.67448860986974
2024-11-11,262.0,273.4105179310162
2024-11-12,258.0,272.03875448702667
2024-11-13,254.0,283.3222392132679
2024-11-14,245.0,269.83188595749004
2024-11-15,254.0,269.24956587510565
2024-11-16,260.0,256.79425665069687
2024-11-17,258.0,283.6609795375776
2024-11-18,253.0,283.25985046729704
2024-11-19,252.0,275.3573920837137
2024-11-20,252.0,270.2216223513625
2024-11-21,255.0,273.93418753139343
2024-11-22,273.0,274.6726826906442
2024-11-23,313.0,279.9104534592123
2024-11-24,329.0,312.17214992933185
2024-11-25,338.0,372.3430534730862
2024-11-26,366.0,364.58351477635665
2024-11-27,374.0,374.617772640339
2024-11-28,403.0,422.7445583147741
2024-11-29,416.0,407.8793650820255
2024-11-30,415.0,460.68493470456457
2024-12-01,412.0,451.86459314418556
2024-12-02,407.0,440.86429962150805
2024-12-03,408.0,437.62002999409185
2024-12-04,420.0,427.94733757881687
2024-12-05,409.0,433.71130897332563
2024-12-06,388.0,452.9509572721992
2024-12-07,374.0,418.05979702975
2024-12-08,362.0,393.35701616420414
2024-12-09,351.0,387.37314458311306
2024-12-10,400.0,375.2051948630282
2024-12-11,999.0,364.75521601752814
2024-12-12,1670.0,471.2814607733131
2024-12-13,1930.0,1595.2391882897318
2024-12-14,2050.0,2260.997824327891
2024-12-15,2130.0,2174.9270190292586
2024-12-16,2310.0,2276.8271184986042
2024-12-17,2440.0,2335.893466125379
2024-12-18,2460.0,2590.9422792437304
2024-12-19,2400.0,2591.31436832503
2024-12-20,2350.0,2464.5730985365894
2024-12-21,2250.0,2326.908507684079
2024-12-22,2120.0,2282.0170366532147
2024-12-23,2030.0,2112.0345189701825
2024-12-24,1930.0,1938.9634002405467
2024-12-25,1830.0,1874.5179109949927
2024-12-26,1740.0,1755.1314229483512
2024-12-27,1650.0,1666.1061240551699
2024-12-28,1590.0,1590.5572059949243
2024-12-29,1580.0,1506.6943691076049
2024-12-30,1720.0,1485.813772912306
